dataset_id,cell_count,unique_cell_types,tissues,diseases,tissue_general_query,collection_name,collection_doi,dataset_title,dataset_h5ad_path,dataset_total_cell_count,n_tissues,n_diseases
e522d2cd-7927-4e59-a4ed-064009569279,263917,38,blood,cytomegalovirus infection;normal,blood;brain;intestine;kidney;liver;lung,Human Immune Health Atlas,10.1038/s41586-025-09686-5,Human Immune Health Atlas,e522d2cd-7927-4e59-a4ed-064009569279.h5ad,1821725,1,2
2a498ace-872a-4935-984b-1afa70fd9886,339597,30,blood,COVID-19;normal;post-COVID-19 disorder,blood;brain;intestine;kidney;liver;lung,Local and systemic responses to SARS-CoV-2 infection in children and adults,10.1038/s41586-021-04345-x,PBMC,2a498ace-872a-4935-984b-1afa70fd9886.h5ad,422220,1,3
ed5d841d-6346-47d4-ab2f-7119ad7e3a35,161764,30,blood,normal,blood;brain;intestine;kidney;liver;lung,Integrated analysis of multimodal single-cell data,10.1016/j.cell.2021.04.048,nygc multimodal pbmc,ed5d841d-6346-47d4-ab2f-7119ad7e3a35.h5ad,161764,1,1
d3566d6a-a455-4a15-980f-45eb29114cab,7145,30,blood,normal,blood;brain;intestine;kidney;liver;lung,Single-cell proteo-genomic reference maps of the hematopoietic system enable the purification and massive profiling of precisely defined cell states,10.1038/s41590-021-01059-0,blood and bone marrow from a healthy young donor,d3566d6a-a455-4a15-980f-45eb29114cab.h5ad,15502,1,1
30c2a6fd-d547-460f-a5e7-44c62a2af7ad,207952,28,blood,normal;open-angle glaucoma,blood;brain;intestine;kidney;liver;lung,Human PBMC Glaucoma Atlas - Immune Tolerance to HSP60 Attenuates Neurodegeneration in Glaucoma,,Human PBMC Glaucoma Atlas,30c2a6fd-d547-460f-a5e7-44c62a2af7ad.h5ad,207952,1,2
5b25a46f-f1cf-4caa-9e10-6ab81dfe9174,12822,28,blood,HIV infectious disease || visceral leishmaniasis,blood;brain;intestine;kidney;liver;lung,Persistent T cell unresponsiveness associated with chronic visceral leishmaniasis in HIV-coinfected patients,10.1038/s42003-024-06225-2,Longitudinal,5b25a46f-f1cf-4caa-9e10-6ab81dfe9174.h5ad,12822,1,1
b0e547f0-462b-4f81-b31b-5b0a5d96f537,10282,28,blood,normal,blood;brain;intestine;kidney;liver;lung,Asian Immune Diversity Atlas (AIDA),10.1016/j.cell.2025.02.017,"AIDA Phase 1 Data Freeze v1: Chinese, Indian, Japanese, Korean, and Malay donors in Japan, Singapore, and South Korea",b0e547f0-462b-4f81-b31b-5b0a5d96f537.h5ad,1058909,1,1
3241c34f-581a-4de3-81fe-28e3de182680,9687,28,blood,HIV infectious disease;HIV infectious disease || leishmaniasis;normal,blood;brain;intestine;kidney;liver;lung,Persistent T cell unresponsiveness associated with chronic visceral leishmaniasis in HIV-coinfected patients,10.1038/s42003-024-06225-2,Cross-sectional,3241c34f-581a-4de3-81fe-28e3de182680.h5ad,17308,1,3
c2a461b1-0c15-4047-9fcb-1f966fe55100,97499,26,blood,COVID-19,blood;brain;intestine;kidney;liver;lung,Sampling peripheral blood and matched nasal swabs from donors with prior immunodeficiencies and autoimmune conditions infected with SARS-CoV-2,10.1101/2020.11.20.20227355,Autoimmunity PBMCs,c2a461b1-0c15-4047-9fcb-1f966fe55100.h5ad,97499,1,1
59b69042-47c2-47fd-ad03-d21beb99818f,49139,25,blood,COVID-19;normal,blood;brain;intestine;kidney;liver;lung,A Web Portal and Workbench for Biological Dissection of Single Cell COVID-19 Host Responses,10.1016/j.isci.2021.103115,Individual Single-Cell RNA-seq PBMC Data from Arunachalam et al.,59b69042-47c2-47fd-ad03-d21beb99818f.h5ad,49139,1,2
3c75a463-6a87-4132-83a8-c3002624394d,95064,24,blood,common variable immunodeficiency;normal,blood;brain;intestine;kidney;liver;lung,Single-cell Atlas of common variable immunodeficiency shows germinal center-associated epigenetic dysregulation in B-cell responses,10.1038/s41467-022-29450-x,Activated PBMCs - Expanded cohort CITE-seq,3c75a463-6a87-4132-83a8-c3002624394d.h5ad,95064,1,2
5e717147-0f75-4de1-8bd2-6fda01b8d75f,90957,22,blood,COVID-19;normal,blood;brain;intestine;kidney;liver;lung,A Web Portal and Workbench for Biological Dissection of Single Cell COVID-19 Host Responses,10.1016/j.isci.2021.103115,Individual Single-Cell RNA-seq PBMC Data from Schulte-Schrepping et al.,5e717147-0f75-4de1-8bd2-6fda01b8d75f.h5ad,90957,1,2
456e8b9b-f872-488b-871d-94534090a865,44721,19,blood,COVID-19;normal,blood;brain;intestine;kidney;liver;lung,Single-cell atlas of peripheral immune response to SARS-CoV-2 infection,10.1038/s41591-020-0944-y,Single-cell atlas of peripheral immune response to SARS-CoV-2 infection,456e8b9b-f872-488b-871d-94534090a865.h5ad,44721,1,2
cf83c98a-3791-4537-bbde-a719f6d73c13,128588,17,blood,B-cell acute lymphoblastic leukemia,blood;brain;intestine;kidney;liver;lung,"HTAN-CHOP - Single-cell multiomics reveals increased plasticity, resistant populations, and stem-cell–like blasts in KMT2A-rearranged leukemia",10.1182/blood.2021013442,Global dataset of infant KMT2Ar B-ALL,cf83c98a-3791-4537-bbde-a719f6d73c13.h5ad,128588,1,1
a199ca73-035d-44e2-9893-4c493151db21,105827,16,blood,juvenile dermatomyositis;normal,blood;brain;intestine;kidney;liver;lung,CITEseq of JDM PBMCs,10.1172/jci.insight.176963,CITEseq of JDM PBMCs,a199ca73-035d-44e2-9893-4c493151db21.h5ad,105827,1,2
d18736c3-6292-4379-919a-d6d973204c87,108717,15,blood,normal;rheumatoid arthritis,blood;brain;intestine;kidney;liver;lung,Single-cell RNA-seq analysis reveals cell subsets and gene signatures associated with Rheumatoid Arthritis Disease Activity,10.1172/jci.insight.178499,Single-cell RNA-seq analysis reveals cell subsets and gene signatures associated with Rheumatoid Arthritis Disease Activity,d18736c3-6292-4379-919a-d6d973204c87.h5ad,108717,1,2
d7d7e89c-c93a-422d-8958-9b4a90b69558,16901,15,blood,common variable immunodeficiency;normal,blood;brain;intestine;kidney;liver;lung,Single-cell Atlas of common variable immunodeficiency shows germinal center-associated epigenetic dysregulation in B-cell responses,10.1038/s41467-022-29450-x,Activated PBMCs - Twins scRNA-seq,d7d7e89c-c93a-422d-8958-9b4a90b69558.h5ad,16901,1,2
21d3e683-80a4-4d9b-bc89-ebb2df513dde,246964,14,blood,COVID-19;normal,blood;brain;intestine;kidney;liver;lung,Time-resolved Systems Immunology Reveals a Late Juncture Linked to Fatal COVID-19,10.1016/j.cell.2021.02.018,Time-resolved Systems Immunology Reveals a Late Juncture Linked to Fatal COVID-19: Adaptive Cells,21d3e683-80a4-4d9b-bc89-ebb2df513dde.h5ad,246964,1,2
de2c780c-1747-40bd-9ccf-9588ec186cee,59572,14,blood,COVID-19;influenza;normal,blood;brain;intestine;kidney;liver;lung,Immunophenotyping of COVID-19 and influenza highlights the role of type I interferons in development of severe COVID-19,10.1126/sciimmunol.abd1554,Immunophenotyping of COVID-19 and influenza highlights the role of type I interferons in development of severe COVID-19,de2c780c-1747-40bd-9ccf-9588ec186cee.h5ad,59572,1,3
5bc42b88-bb76-4954-927b-8bb7369adc64,11266,12,blood,normal,blood;brain;intestine;kidney;liver;lung,Single-cell reconstruction of the early maternal–fetal interface in humans,10.1038/s41586-018-0698-6,Pregnant Uterus (All),5bc42b88-bb76-4954-927b-8bb7369adc64.h5ad,70325,1,1
74cff64f-9da9-4b2a-9b3b-8a04a1598040,10989,12,blood,normal,blood;brain;intestine;kidney;liver;lung,Spatial multiomics map of trophoblast development in early pregnancy,10.1038/s41586-023-05869-0,All donors all cell states (in vivo),74cff64f-9da9-4b2a-9b3b-8a04a1598040.h5ad,325665,1,1
242c6e7f-9016-4048-af70-d631f5eea188,189902,10,blood,COVID-19;normal,blood;brain;intestine;kidney;liver;lung,COVID-19 mRNA vaccine elicits a potent adaptive immune response in the absence of persistent inflammation observed in SARS-CoV-2 infection,10.1016/j.isci.2023.108572,"Circulating Immune cells -- CV19 infection, vaccination and HC",242c6e7f-9016-4048-af70-d631f5eea188.h5ad,189902,1,2
30cd5311-6c09-46c9-94f1-71fe4b91813c,125117,10,blood,COVID-19;normal,blood;brain;intestine;kidney;liver;lung,Time-resolved Systems Immunology Reveals a Late Juncture Linked to Fatal COVID-19,10.1016/j.cell.2021.02.018,Time-resolved Systems Immunology Reveals a Late Juncture Linked to Fatal COVID-19: Innate Cells,30cd5311-6c09-46c9-94f1-71fe4b91813c.h5ad,125117,1,2
fa8605cf-f27e-44af-ac2a-476bee4410d3,59506,10,blood,COVID-19;normal,blood;brain;intestine;kidney;liver;lung,Acute COVID-19 cohort across a range of WHO categories seen at the Department of Emergency Medicine at MGH,10.1101/2020.11.20.20227355,PBMCs,fa8605cf-f27e-44af-ac2a-476bee4410d3.h5ad,59506,1,2
0ae6f031-2f9c-4247-8b26-db320d6efd32,7750,10,blood,normal,blood;brain;intestine;kidney;liver;lung,Comparative Analysis of Commercial Single-Cell RNA Sequencing Technologies,10.1093/nar/gkae1186,Fluent-rep2,0ae6f031-2f9c-4247-8b26-db320d6efd32.h5ad,7750,1,1
17e9d436-a264-4c94-a42d-48c8daf6fdd9,7750,10,blood,normal,blood;brain;intestine;kidney;liver;lung,Comparative Analysis of Commercial Single-Cell RNA Sequencing Technologies,10.1093/nar/gkae1186,10X_5-rep1,17e9d436-a264-4c94-a42d-48c8daf6fdd9.h5ad,7750,1,1
3bfd5174-5b49-4e58-b233-ed0f4edd0bec,7750,10,blood,normal,blood;brain;intestine;kidney;liver;lung,Comparative Analysis of Commercial Single-Cell RNA Sequencing Technologies,10.1093/nar/gkae1186,Fluent-rep3,3bfd5174-5b49-4e58-b233-ed0f4edd0bec.h5ad,7750,1,1
3f6ab2aa-6c63-4753-b652-3a9b9e7c8ee5,7750,10,blood,normal,blood;brain;intestine;kidney;liver;lung,Comparative Analysis of Commercial Single-Cell RNA Sequencing Technologies,10.1093/nar/gkae1186,Scale-rep1,3f6ab2aa-6c63-4753-b652-3a9b9e7c8ee5.h5ad,7750,1,1
4319097a-acae-4124-beed-d1173ffe1464,7750,10,blood,normal,blood;brain;intestine;kidney;liver;lung,Comparative Analysis of Commercial Single-Cell RNA Sequencing Technologies,10.1093/nar/gkae1186,Parse-rep1,4319097a-acae-4124-beed-d1173ffe1464.h5ad,7750,1,1
432f3af5-6a79-401f-b315-fb2df789f32c,7750,10,blood,normal,blood;brain;intestine;kidney;liver;lung,Comparative Analysis of Commercial Single-Cell RNA Sequencing Technologies,10.1093/nar/gkae1186,Fluent-rep1,432f3af5-6a79-401f-b315-fb2df789f32c.h5ad,7750,1,1
527641f0-df64-4c80-957c-a65dccd477bc,7750,10,blood,normal,blood;brain;intestine;kidney;liver;lung,Comparative Analysis of Commercial Single-Cell RNA Sequencing Technologies,10.1093/nar/gkae1186,10X_FRP-rep2,527641f0-df64-4c80-957c-a65dccd477bc.h5ad,7750,1,1
59632ec0-6f10-48c6-af79-81024e84843e,7750,10,blood,normal,blood;brain;intestine;kidney;liver;lung,Comparative Analysis of Commercial Single-Cell RNA Sequencing Technologies,10.1093/nar/gkae1186,BD-rep2,59632ec0-6f10-48c6-af79-81024e84843e.h5ad,7750,1,1
8ff0cef9-393e-43de-9722-a1e12c239727,7750,10,blood,normal,blood;brain;intestine;kidney;liver;lung,Comparative Analysis of Commercial Single-Cell RNA Sequencing Technologies,10.1093/nar/gkae1186,Honeycomb-rep1,8ff0cef9-393e-43de-9722-a1e12c239727.h5ad,7750,1,1
9c1b5626-58df-4401-ae7b-f66d068c1551,7750,10,blood,normal,blood;brain;intestine;kidney;liver;lung,Comparative Analysis of Commercial Single-Cell RNA Sequencing Technologies,10.1093/nar/gkae1186,10X_3-rep2,9c1b5626-58df-4401-ae7b-f66d068c1551.h5ad,7750,1,1
a82c43bb-a703-446d-aa24-049bf013121f,7750,10,blood,normal,blood;brain;intestine;kidney;liver;lung,Comparative Analysis of Commercial Single-Cell RNA Sequencing Technologies,10.1093/nar/gkae1186,10X_5-rep2,a82c43bb-a703-446d-aa24-049bf013121f.h5ad,7750,1,1
c0fb0d06-225b-4611-b802-d2f34b438a29,7750,10,blood,normal,blood;brain;intestine;kidney;liver;lung,Comparative Analysis of Commercial Single-Cell RNA Sequencing Technologies,10.1093/nar/gkae1186,BD-rep1,c0fb0d06-225b-4611-b802-d2f34b438a29.h5ad,7750,1,1
c54c9659-1b6b-4d4a-96f0-7dc987410f2d,7750,10,blood,normal,blood;brain;intestine;kidney;liver;lung,Comparative Analysis of Commercial Single-Cell RNA Sequencing Technologies,10.1093/nar/gkae1186,10X_3-rep1,c54c9659-1b6b-4d4a-96f0-7dc987410f2d.h5ad,7750,1,1
cee9b331-3ba0-4461-8bbd-867819d9fc0a,7750,10,blood,normal,blood;brain;intestine;kidney;liver;lung,Comparative Analysis of Commercial Single-Cell RNA Sequencing Technologies,10.1093/nar/gkae1186,10X_FRP-rep1,cee9b331-3ba0-4461-8bbd-867819d9fc0a.h5ad,7750,1,1
f6cc8a47-2dea-40aa-8608-d771c5ef8a07,7750,10,blood,normal,blood;brain;intestine;kidney;liver;lung,Comparative Analysis of Commercial Single-Cell RNA Sequencing Technologies,10.1093/nar/gkae1186,Honeycomb-rep2,f6cc8a47-2dea-40aa-8608-d771c5ef8a07.h5ad,7750,1,1
79884ae5-e026-4d4a-858f-e807960bd4f7,4425,10,blood,normal,blood;brain;intestine;kidney;liver;lung,Comparative Analysis of Commercial Single-Cell RNA Sequencing Technologies,10.1093/nar/gkae1186,Scipio-rep2,79884ae5-e026-4d4a-858f-e807960bd4f7.h5ad,4425,1,1
27d3952f-fbbc-497d-98d1-f37f3d555235,3457,10,blood,normal,blood;brain;intestine;kidney;liver;lung,Comparative Analysis of Commercial Single-Cell RNA Sequencing Technologies,10.1093/nar/gkae1186,Scipio-rep1,27d3952f-fbbc-497d-98d1-f37f3d555235.h5ad,3457,1,1
19e46756-9100-4e01-8b0e-23b557558a4c,66985,9,blood,clonal hematopoiesis;normal,blood;brain;intestine;kidney;liver;lung,Multiomic Profiling of Human Clonal Hematopoiesis Reveals Genotype and Cell-Specific Inflammatory Pathway Activation,10.1182/bloodadvances.2023011445,Single Cell Sequencing of Human PBMCs in Clonal Hematopoeisis of Indeterminant Potential,19e46756-9100-4e01-8b0e-23b557558a4c.h5ad,66985,1,2
db59611b-42de-4035-93aa-1ed39f38b467,11574,9,blood,COVID-19,blood;brain;intestine;kidney;liver;lung,Longitudinal profiling of respiratory and systemic immune responses reveals myeloid cell-driven lung inflammation in severe COVID-19,10.1016/j.immuni.2021.03.005,49 years old male - Fresh PBMCs (2 days post-intubation),db59611b-42de-4035-93aa-1ed39f38b467.h5ad,11574,1,1
eeacb0c1-2217-4cf6-b8ce-1f0fedf1b569,9337,8,blood,COVID-19,blood;brain;intestine;kidney;liver;lung,Longitudinal profiling of respiratory and systemic immune responses reveals myeloid cell-driven lung inflammation in severe COVID-19,10.1016/j.immuni.2021.03.005,49 years old male - Fresh PBMCs (3 days post-intubation),eeacb0c1-2217-4cf6-b8ce-1f0fedf1b569.h5ad,9337,1,1
881fe679-c6e0-45a3-9427-c4e81be6921f,7097,8,blood,COVID-19,blood;brain;intestine;kidney;liver;lung,Longitudinal profiling of respiratory and systemic immune responses reveals myeloid cell-driven lung inflammation in severe COVID-19,10.1016/j.immuni.2021.03.005,66 years old female - Fresh PBMCs (2 days post-intubation),881fe679-c6e0-45a3-9427-c4e81be6921f.h5ad,7097,1,1
ed9e9f96-4f08-49d2-bef5-b2c29adf3edc,5696,8,blood,COVID-19,blood;brain;intestine;kidney;liver;lung,Longitudinal profiling of respiratory and systemic immune responses reveals myeloid cell-driven lung inflammation in severe COVID-19,10.1016/j.immuni.2021.03.005,66 years old female - Fresh PBMCs (4 days post-intubation),ed9e9f96-4f08-49d2-bef5-b2c29adf3edc.h5ad,5696,1,1
ea786a06-5855-48b7-80d7-0313a21a2044,4792,8,blood,COVID-19,blood;brain;intestine;kidney;liver;lung,Longitudinal profiling of respiratory and systemic immune responses reveals myeloid cell-driven lung inflammation in severe COVID-19,10.1016/j.immuni.2021.03.005,66 years old female - Fresh PBMCs (3 days post-intubation),ea786a06-5855-48b7-80d7-0313a21a2044.h5ad,4792,1,1
c874f155-9bf9-4928-b821-f52c876b3e48,4603,8,blood,COVID-19,blood;brain;intestine;kidney;liver;lung,Longitudinal profiling of respiratory and systemic immune responses reveals myeloid cell-driven lung inflammation in severe COVID-19,10.1016/j.immuni.2021.03.005,49 years old male - Fresh PBMCs (1 day post-intubation),c874f155-9bf9-4928-b821-f52c876b3e48.h5ad,4603,1,1
01c93cf6-b695-4e30-a26e-121ae8b16a9e,3726,8,blood,COVID-19,blood;brain;intestine;kidney;liver;lung,Longitudinal profiling of respiratory and systemic immune responses reveals myeloid cell-driven lung inflammation in severe COVID-19,10.1016/j.immuni.2021.03.005,66 years old female - Fresh PBMCs (7 days post-intubation),01c93cf6-b695-4e30-a26e-121ae8b16a9e.h5ad,3726,1,1
460dfe21-0550-4521-92fe-db0f3036d8b0,18122,7,blood,B-cell acute lymphoblastic leukemia,blood;brain;intestine;kidney;liver;lung,Integrative single-cell multi-omics of CD19-CARpos and CARneg T cells suggest drivers of immunotherapy response in B-ALL,10.1101/2024.01.23.576878,CD19-CARpos and CARneg T cells,460dfe21-0550-4521-92fe-db0f3036d8b0.h5ad,18122,1,1
84230ea4-998d-4aa8-8456-81dd54ce23af,5608,7,blood,COVID-19,blood;brain;intestine;kidney;liver;lung,Longitudinal profiling of respiratory and systemic immune responses reveals myeloid cell-driven lung inflammation in severe COVID-19,10.1016/j.immuni.2021.03.005,74 years old female - Fresh PBMCs (3 days post-intubation),84230ea4-998d-4aa8-8456-81dd54ce23af.h5ad,5608,1,1
cab0bc48-744c-461b-aaf4-7bf2cb7af00d,5080,7,blood,COVID-19,blood;brain;intestine;kidney;liver;lung,Longitudinal profiling of respiratory and systemic immune responses reveals myeloid cell-driven lung inflammation in severe COVID-19,10.1016/j.immuni.2021.03.005,74 years old female - Fresh PBMCs (4 days post-intubation),cab0bc48-744c-461b-aaf4-7bf2cb7af00d.h5ad,5080,1,1
79ef1959-a6b4-4cac-82ca-30feaec48df1,4846,7,blood,COVID-19,blood;brain;intestine;kidney;liver;lung,Longitudinal profiling of respiratory and systemic immune responses reveals myeloid cell-driven lung inflammation in severe COVID-19,10.1016/j.immuni.2021.03.005,74 years old female - Fresh PBMCs (7 days post-intubation),79ef1959-a6b4-4cac-82ca-30feaec48df1.h5ad,4846,1,1
50eb1e23-b8d4-4f76-a184-44e5541fa05a,4755,7,blood,COVID-19,blood;brain;intestine;kidney;liver;lung,Longitudinal profiling of respiratory and systemic immune responses reveals myeloid cell-driven lung inflammation in severe COVID-19,10.1016/j.immuni.2021.03.005,74 years old female - Fresh PBMCs (8 days post-intubation),50eb1e23-b8d4-4f76-a184-44e5541fa05a.h5ad,4755,1,1
8a554710-08bc-4005-87cd-da9675bdc2e7,4232,6,blood,COVID-19,blood;brain;intestine;kidney;liver;lung,Longitudinal profiling of respiratory and systemic immune responses reveals myeloid cell-driven lung inflammation in severe COVID-19,10.1016/j.immuni.2021.03.005,82 years old female - Fresh PBMCs (1 day post-intubation),8a554710-08bc-4005-87cd-da9675bdc2e7.h5ad,4232,1,1
2adb1f8a-a6b1-4909-8ee8-484814e2d4bf,202667,36,blood;brain;intestine;kidney;liver;lung,normal,blood;brain;intestine;kidney;liver;lung,Construction of a human cell landscape at single-cell level,10.1038/s41586-020-2157-4,Construction of a human cell landscape at single-cell level,2adb1f8a-a6b1-4909-8ee8-484814e2d4bf.h5ad,598266,6,1
5af90777-6760-4003-9dba-8f945fec6fdf,253040,45,blood;kidney,kidney benign neoplasm;kidney oncocytoma;nonpapillary renal cell carcinoma;normal,blood;brain;intestine;kidney;liver;lung,Mapping single-cell transcriptomes in the intra-tumoral and associated territories of kidney cancer,10.1016/j.ccell.2022.11.001,Single-cell transcriptomic datasets of Renal cell carcinoma patients,5af90777-6760-4003-9dba-8f945fec6fdf.h5ad,270855,2,4
bd65a70f-b274-4133-b9dd-0d1431b6af34,163448,18,blood;kidney,clear cell renal carcinoma,blood;brain;intestine;kidney;liver;lung,Single-cell sequencing links multiregional immune landscapes and tissue-resident T cells in ccRCC to tumor topology and therapy efficacy,10.1016/j.ccell.2021.03.007,Single-cell sequencing links multiregional immune landscapes and tissue-resident T cells in ccRCC to tumor topology and therapy efficacy,bd65a70f-b274-4133-b9dd-0d1431b6af34.h5ad,167283,2,1
53d208b0-2cfd-4366-9866-c3c6114081bc,184670,34,blood;kidney;liver;lung,normal,blood;brain;intestine;kidney;liver;lung,Tabula Sapiens,10.1126/science.abl4896,Tabula Sapiens - All Cells,53d208b0-2cfd-4366-9866-c3c6114081bc.h5ad,1136218,4,1
471647b3-04fe-4c76-8372-3264feb950e8,21848,12,blood;liver,normal,blood;brain;intestine;kidney;liver;lung,Blood and immune development in human fetal bone marrow and Down syndrome,10.1038/s41586-021-03929-x,"CD34+ Fetal Bone Marrow, Fetal Liver, Cord Blood (CITE-seq)",471647b3-04fe-4c76-8372-3264feb950e8.h5ad,27998,2,1
1b9d8702-5af8-4142-85ed-020eb06ec4f6,76407,34,blood;liver;lung,normal,blood;brain;intestine;kidney;liver;lung,Cross-tissue immune cell analysis reveals tissue-specific features in humans,10.1126/science.abl5197,Global,1b9d8702-5af8-4142-85ed-020eb06ec4f6.h5ad,329762,3,1
1b350d0a-4535-4879-beb6-1142f3f94947,331337,31,blood;liver;lung,normal,blood;brain;intestine;kidney;liver;lung,Multimodal profiling reveals tissue-directed signatures of human immune cells altered with age,10.1038/s41590-025-02241-4,Immune aging project - all cells,1b350d0a-4535-4879-beb6-1142f3f94947.h5ad,1281499,3,1
b617ee1b-f8c8-4de9-b82b-e803ab93550d,71333,11,blood;liver;lung,liver cancer;lung cancer;normal,blood;brain;intestine;kidney;liver;lung,Dissecting novel myeloid-derived cell states through single-cell RNA-Seq and its impact on clinical outcome across tumor types,10.1038/s41467-024-49916-4,A multi-tissue single-cell tumor microenvironment atlas,b617ee1b-f8c8-4de9-b82b-e803ab93550d.h5ad,391963,3,3
8c42cfd0-0b0a-46d5-910c-fc833d83c45e,65662,46,blood;lung,normal,blood;brain;intestine;kidney;liver;lung,A molecular cell atlas of the human lung from single cell RNA sequencing,10.1038/s41586-020-2922-4,"Krasnow Lab Human Lung Cell Atlas, 10X",8c42cfd0-0b0a-46d5-910c-fc833d83c45e.h5ad,65662,2,1
e04daea4-4412-45b5-989e-76a9be070a89,9409,39,blood;lung,normal,blood;brain;intestine;kidney;liver;lung,A molecular cell atlas of the human lung from single cell RNA sequencing,10.1038/s41586-020-2922-4,"Krasnow Lab Human Lung Cell Atlas, Smart-seq2",e04daea4-4412-45b5-989e-76a9be070a89.h5ad,9409,2,1
01209dce-3575-4bed-b1df-129f57fbc031,28684,6,blood;lung,normal,blood;brain;intestine;kidney;liver;lung,Single-cell transcriptomics of human T cells reveals tissue and activation signatures in health and disease,10.1038/s41467-019-12464-3,Single-cell transcriptomics of human T cells reveals tissue and activation signatures in health and disease,01209dce-3575-4bed-b1df-129f57fbc031.h5ad,51876,2,1
58f43044-cd3c-42b8-bc0b-3498eb236359,35317,51,brain,normal,blood;brain;intestine;kidney;liver;lung,Single cell RNA sequencing of the human embryonic meninges at 5-13 weeks post conception,,All_cells,58f43044-cd3c-42b8-bc0b-3498eb236359.h5ad,156726,1,1
b2dda353-0c96-42df-8dcd-1ea7429a6feb,4462,17,brain,normal,blood;brain;intestine;kidney;liver;lung,Spatial and cell type transcriptional landscape of human cerebellar development,10.1038/s41593-021-00872-y,Cerebellum,b2dda353-0c96-42df-8dcd-1ea7429a6feb.h5ad,69174,1,1
145dcf6a-2461-4fa3-a0af-7fc56db0bd33,123236,14,brain,glioblastoma,blood;brain;intestine;kidney;liver;lung,Single-cell RNA sequencing of glioblastoma cases with tissue sampled from tumor core to macroscopically normal cortex,10.1101/2023.09.01.555882,SL057,145dcf6a-2461-4fa3-a0af-7fc56db0bd33.h5ad,123236,1,1
21722308-5091-4b63-9c07-4f116ab9a7b3,135482,13,brain,glioblastoma,blood;brain;intestine;kidney;liver;lung,Single-cell RNA sequencing of glioblastoma cases with tissue sampled from tumor core to macroscopically normal cortex,10.1101/2023.09.01.555882,SL040,21722308-5091-4b63-9c07-4f116ab9a7b3.h5ad,135482,1,1
4b83f213-b96b-4c87-a884-9b81faddb194,22370,11,brain,normal,blood;brain;intestine;kidney;liver;lung,"Single cell RNA-seq of slice explant cultures of human embryo telencephalon, cultured using the Organotypic Timelapse recording with Transcriptomic Readout (OTTR) protocol for 4-29 days",10.1101/2025.07.28.667119,CortexCultures4Days11DaysInVitro,4b83f213-b96b-4c87-a884-9b81faddb194.h5ad,22370,1,1
dc30c3ec-46d6-4cd8-8ec1-b544a3d0f503,17799,11,brain,multiple sclerosis;normal,blood;brain;intestine;kidney;liver;lung,Single nuclei RNA- sequencing from the white matter of individuals with progressive MS and non-neurological controls,10.1038/s41586-019-0903-2,Oligodendrocytes in MS,dc30c3ec-46d6-4cd8-8ec1-b544a3d0f503.h5ad,17799,1,2
3e55180c-780a-4424-9434-5296640ffc0d,7774,10,brain,normal,blood;brain;intestine;kidney;liver;lung,"Single cell RNA-seq of slice explant cultures of human embryo telencephalon, cultured using the Organotypic Timelapse recording with Transcriptomic Readout (OTTR) protocol for 4-29 days",10.1101/2025.07.28.667119,CortexCulturesTwoWeeksInVitro,3e55180c-780a-4424-9434-5296640ffc0d.h5ad,7774,1,1
774c18c5-efa1-4dc5-9e5e-2c824bab2e34,3589,7,brain,glioblastoma,blood;brain;intestine;kidney;liver;lung,Single-Cell RNAseq analysis of diffuse neoplastic infiltrating cells at the migrating front of human glioblastoma,10.1016/j.celrep.2017.10.030,Infiltrating Neoplastic Cells Human Glioblastoma,774c18c5-efa1-4dc5-9e5e-2c824bab2e34.h5ad,3589,1,1
a1b9c51e-a408-4f7f-bccb-abefe20ae2a5,16245,6,brain,Alzheimer disease;temporal lobe epilepsy,blood;brain;intestine;kidney;liver;lung,Live Human Microglia Single-cell RNA-seq,10.1038/s41467-020-19737-2,Olah et al (2020) Single-cell Human Microglia,a1b9c51e-a408-4f7f-bccb-abefe20ae2a5.h5ad,16245,1,2
576f193c-75d0-4a11-bd25-8676587e6dc2,107174,11,brain;liver;lung,lung adenocarcinoma;normal;small cell lung carcinoma,blood;brain;intestine;kidney;liver;lung,HTAN MSK - Single cell profiling reveals novel tumor and myeloid subpopulations in small cell lung cancer,10.1016/j.ccell.2021.09.008,Combined samples,576f193c-75d0-4a11-bd25-8676587e6dc2.h5ad,147137,3,3
19053a82-9c89-4fb8-bd19-d7b1800b0b7b,10785,59,intestine,colorectal cancer;normal,blood;brain;intestine;kidney;liver;lung,Single-cell integration reveals metaplasia in inflammatory gut diseases,10.1038/s41586-024-07571-1,Extended+ - 18485 genes,19053a82-9c89-4fb8-bd19-d7b1800b0b7b.h5ad,1596200,1,2
d6dfdef1-406d-4efb-808c-3c5eddbfe0cb,7443,9,intestine,colon sessile serrated adenoma/polyp;normal;tubular adenoma,blood;brain;intestine;kidney;liver;lung,HTAN VUMC - Differential pre-malignant programs and microenvironment chart distinct paths to malignancy in human colorectal polyps,10.1016/j.cell.2021.11.031,Validation (Val) set of human colorectal tumor: Epithelial,d6dfdef1-406d-4efb-808c-3c5eddbfe0cb.h5ad,57723,1,3
e40c6272-af77-4a10-9385-62a398884f27,6444,9,intestine,colon sessile serrated adenoma/polyp;colorectal neoplasm;hyperplastic polyp;normal;tubulovillous adenoma,blood;brain;intestine;kidney;liver;lung,HTAN VUMC - Differential pre-malignant programs and microenvironment chart distinct paths to malignancy in human colorectal polyps,10.1016/j.cell.2021.11.031,Discovery (DIS) set of human colorectal tumor: Epithelial,e40c6272-af77-4a10-9385-62a398884f27.h5ad,65088,1,5
51d9716c-50bb-4fd8-8d1e-7d9329969cb7,11177,8,intestine,normal,blood;brain;intestine;kidney;liver;lung,"iPSC-derived small intestine-on-chip with self-organizing epithelial, mesenchymal and neural cells",10.1016/j.celrep.2024.114247,intestine_on_chip_IFN,51d9716c-50bb-4fd8-8d1e-7d9329969cb7.h5ad,11177,1,1
f7ca7eb9-0919-4eba-99a1-21ba382b4174,11103,8,intestine,normal,blood;brain;intestine;kidney;liver;lung,"iPSC-derived small intestine-on-chip with self-organizing epithelial, mesenchymal and neural cells",10.1016/j.celrep.2024.114247,intestine_on_chip_media,f7ca7eb9-0919-4eba-99a1-21ba382b4174.h5ad,11103,1,1
f7c1c579-2dc0-47e2-ba19-8165c5a0e353,207036,12,intestine;kidney,normal,blood;brain;intestine;kidney;liver;lung,A human cell atlas of fetal gene expression,10.1126/science.aba7721,Survey of human embryonic development,f7c1c579-2dc0-47e2-ba19-8165c5a0e353.h5ad,4062980,2,1
b252b015-b488-4d5c-b16e-968c13e48a2c,85134,9,intestine;liver,malignant ovarian serous tumor,blood;brain;intestine;kidney;liver;lung,MSK SPECTRUM – Ovarian cancer mutational processes drive site-specific immune evasion,10.1038/s41586-022-05496-1,MSK SPECTRUM – All cells,b252b015-b488-4d5c-b16e-968c13e48a2c.h5ad,927205,2,1
60a29d0b-1a37-4447-ac32-00d701580b47,7813,35,kidney,normal,blood;brain;intestine;kidney;liver;lung,Multimodal benchmarking dataset for renal cortex characterization (mBDRC),10.1101/2025.03.06.637075,multimodal benchmarking dataset for renal cortex characterization,60a29d0b-1a37-4447-ac32-00d701580b47.h5ad,97125,1,1
9ea768a2-87ab-46b6-a73d-c4e915f25af3,40268,29,kidney,normal,blood;brain;intestine;kidney;liver;lung,Spatiotemporal immune zonation of the human kidney,10.1126/science.aat5031,Mature kidney dataset: full,9ea768a2-87ab-46b6-a73d-c4e915f25af3.h5ad,40268,1,1
0b4a15a7-4e9e-4555-9733-2423e5c66469,48783,28,kidney,normal,blood;brain;intestine;kidney;liver;lung,HCA kidney seed network: University of Michigan,,Single cell RNA-seq data from normal adult kidney tissue,0b4a15a7-4e9e-4555-9733-2423e5c66469.h5ad,48783,1,1
dea717d4-7bc0-4e46-950f-fd7e1cc8df7d,225177,25,kidney,acute kidney failure;chronic kidney disease;normal,blood;brain;intestine;kidney;liver;lung,An atlas of healthy and injured cell states and niches in the human kidney (Version 1.5),,Single-cell RNA-seq of the Adult Human Kidney (Version 1.5),dea717d4-7bc0-4e46-950f-fd7e1cc8df7d.h5ad,225177,1,3
d7dcfd8f-2ee7-4385-b9ac-e074c23ed190,27197,24,kidney,normal,blood;brain;intestine;kidney;liver;lung,Spatiotemporal immune zonation of the human kidney,10.1126/science.aat5031,Fetal kidney dataset: full,d7dcfd8f-2ee7-4385-b9ac-e074c23ed190.h5ad,27197,1,1
f801b7a9-80a6-4d09-9161-71474deb58ae,6044,21,kidney,normal,blood;brain;intestine;kidney;liver;lung,"Single-cell analyses of renal cell cancers reveal insights into tumor microenvironment, cell of origin, and therapy response",10.1073/pnas.2103240118,"normal - Single-cell analyses of renal cell cancers reveal insights into tumor microenvironment, cell of origin, and therapy response",f801b7a9-80a6-4d09-9161-71474deb58ae.h5ad,6044,1,1
0bae7ebf-eb54-46a6-be9a-3461cecefa4c,27675,18,kidney,normal,blood;brain;intestine;kidney;liver;lung,Healthy living donor kidney,10.1038/s41467-022-35297-z,Living donor kidney,0bae7ebf-eb54-46a6-be9a-3461cecefa4c.h5ad,27675,1,1
8dc29642-be06-46dc-a289-8075915745d4,17962,10,kidney,normal,blood;brain;intestine;kidney;liver;lung,Single-cell transcriptomics reveals gene expression dynamics of human fetal kidney development,10.1371/journal.pbio.3000152,Cells of the human fetal kidney,8dc29642-be06-46dc-a289-8075915745d4.h5ad,17962,1,1
be39785b-67cb-4177-be19-a40ee3747e45,20509,9,kidney,clear cell renal carcinoma,blood;brain;intestine;kidney;liver;lung,"Single-cell analyses of renal cell cancers reveal insights into tumor microenvironment, cell of origin, and therapy response",10.1073/pnas.2103240118,"ccRCC - Single-cell analyses of renal cell cancers reveal insights into tumor microenvironment, cell of origin, and therapy response",be39785b-67cb-4177-be19-a40ee3747e45.h5ad,20509,1,1
fd072bc3-2dfb-46f8-b4e3-467cb3223182,230001,63,kidney;liver,normal,blood;brain;intestine;kidney;liver;lung,Mapping the developing human immune system across organs,10.1126/science.abo0510,Full dataset of single-cell RNA-seq profiles from 9 developmental tissues across gestation (4-17 pcw),fd072bc3-2dfb-46f8-b4e3-467cb3223182.h5ad,908046,2,1
02792605-4760-4023-82ad-40fc4458a5db,65396,27,liver,primary biliary cholangitis;primary sclerosing cholangitis,blood;brain;intestine;kidney;liver;lung,Single-cell and spatial transcriptomics characterisation of the immunological landscape in the healthy and PSC human liver,10.1016/j.jhep.2023.12.023,All cells types from scRNA-seq of human primary sclerosing cholangitis patients and healthy controls,02792605-4760-4023-82ad-40fc4458a5db.h5ad,89637,1,2
84cfa5aa-a0d1-415e-ac47-eb66c9cf8170,72710,19,liver,intestinal failure–associated liver disease;normal,blood;brain;intestine;kidney;liver;lung,Single-Cell Atlas Of Human Pediatric Liver Reveals Age-Related Hepatic Gene Signatures,10.1097/HC9.0000000000000813,Healthy and IFALD pediatric and adult human liver tissue,84cfa5aa-a0d1-415e-ac47-eb66c9cf8170.h5ad,81001,1,2
1d89d081-f43d-401a-be76-bd6ef9259f4e,10352,18,liver,normal,blood;brain;intestine;kidney;liver;lung,Automatic cell-type harmonization and integration across Human Cell Atlas datasets,10.1016/j.cell.2023.11.026,Liver,1d89d081-f43d-401a-be76-bd6ef9259f4e.h5ad,259678,1,1
e84f2780-51e8-4cfa-8aa0-13bbfef677c7,152535,14,liver,normal,blood;brain;intestine;kidney;liver;lung,Spatial proteogenomics reveals distinct and evolutionarily conserved hepatic macrophage niches,10.1016/j.cell.2021.12.018,All cells from human liver dataset,e84f2780-51e8-4cfa-8aa0-13bbfef677c7.h5ad,167598,1,1
e3ed2ba4-edf5-40ac-8750-8a417ad1eefe,75104,14,liver,colorectal carcinoma || metastatic malignant neoplasm;normal,blood;brain;intestine;kidney;liver;lung,Ex vivo modelling of human colorectal cancer liver metastasis by normothermic machine perfusion,10.1186/s12943-025-02430-7,CRLM-NMP-ATLAS,e3ed2ba4-edf5-40ac-8750-8a417ad1eefe.h5ad,75104,1,2
ddb22b3d-a75c-4dd1-9730-dff7fc8ca530,29432,12,liver,normal,blood;brain;intestine;kidney;liver;lung,"Single-Cell, Single-Nucleus, and Spatial RNA Sequencing of the Human Liver Identifies Cholangiocyte and Mesenchymal Heterogeneity",10.1002/hep4.1854,Healthy human liver: integrated,ddb22b3d-a75c-4dd1-9730-dff7fc8ca530.h5ad,73295,1,1
43560d7c-acd6-4ede-830d-c9ffc6cd0862,15216,9,liver,normal,blood;brain;intestine;kidney;liver;lung,Single-cell and spatial transcriptomics characterisation of the immunological landscape in the healthy and PSC human liver,10.1016/j.jhep.2023.12.023,Natural killer T cells from human healthy donor liver samples,43560d7c-acd6-4ede-830d-c9ffc6cd0862.h5ad,16665,1,1
b550fd94-97e0-42e2-90f7-7434781ea2f8,9515,7,liver,normal,blood;brain;intestine;kidney;liver;lung,Single-cell and spatial transcriptomics characterisation of the immunological landscape in the healthy and PSC human liver,10.1016/j.jhep.2023.12.023,Macrophage cells from human healthy donor liver samples,b550fd94-97e0-42e2-90f7-7434781ea2f8.h5ad,11127,1,1
76af615b-12fe-4ebb-b8c6-239ad29e26e3,11982,6,liver,normal,blood;brain;intestine;kidney;liver;lung,Single-cell and spatial transcriptomics characterisation of the immunological landscape in the healthy and PSC human liver,10.1016/j.jhep.2023.12.023,Hepatocyte-2 cells from human healthy donor liver samples,76af615b-12fe-4ebb-b8c6-239ad29e26e3.h5ad,13635,1,1
4ce8d8ec-b94c-4b79-afcb-b094336d8a78,8219,6,liver,normal,blood;brain;intestine;kidney;liver;lung,Single-cell and spatial transcriptomics characterisation of the immunological landscape in the healthy and PSC human liver,10.1016/j.jhep.2023.12.023,Endothelial cells from human healthy donor liver samples,4ce8d8ec-b94c-4b79-afcb-b094336d8a78.h5ad,9422,1,1
9968be68-ab65-4a38-9e1a-c9b6abece194,51984,20,liver;lung,normal,blood;brain;intestine;kidney;liver;lung,Charting human development using a multi-endodermal organ atlas and organoid models,10.1016/j.cell.2021.04.028,Developing Human Atlas,9968be68-ab65-4a38-9e1a-c9b6abece194.h5ad,155232,2,1
6c87755e-a671-41a8-9c7e-4e43b850a57b,113438,13,liver;lung,breast cancer,blood;brain;intestine;kidney;liver;lung,HTAN/HTAPP Broad - Spatio-molecular dissection of the breast cancer metastatic microenvironment,10.1038/s41591-024-03215-z,Fresh samples (single cell),6c87755e-a671-41a8-9c7e-4e43b850a57b.h5ad,157531,2,1
3dc61ca1-ce40-46b6-8337-f27260fd9a03,71752,77,lung,normal,blood;brain;intestine;kidney;liver;lung,A human fetal lung cell atlas uncovers proximal-distal gradients of differentiation and key regulators of epithelial fates,10.1016/j.cell.2022.11.005,All cells,3dc61ca1-ce40-46b6-8337-f27260fd9a03.h5ad,71752,1,1
093d3bfe-6f0f-4ac0-a7a1-829f94d0a49f,69711,56,lung,normal,blood;brain;intestine;kidney;liver;lung,A spatially resolved atlas of the human lung characterizes a gland-associated immune niche,10.1038/s41588-022-01243-4,All cells and nuclei,093d3bfe-6f0f-4ac0-a7a1-829f94d0a49f.h5ad,193108,1,1
eb499fd8-7000-419f-8854-926b9b61b11f,122445,46,lung,normal,blood;brain;intestine;kidney;liver;lung,Human CellCards Multi-Study CellRef 1.0 Atlas,10.1038/s41467-023-40173-5,Human CellCards Multi-Study CellRef 1.0 Atlas,eb499fd8-7000-419f-8854-926b9b61b11f.h5ad,347970,1,1
b61a921b-7fa3-4b42-b455-aaaf32447920,21144,43,lung,normal,blood;brain;intestine;kidney;liver;lung,A Unique Cellular Organization of Human Distal Airways and Its Disarray in Chronic Obstructive Pulmonary Disease,10.1164/rccm.202207-1384OC,A Unique Cellular Organization of Human Distal Airways and Its Disarray in Chronic Obstructive Pulmonary Disease,b61a921b-7fa3-4b42-b455-aaaf32447920.h5ad,115788,1,1
7b55fe5c-d5c8-48e0-a1a3-54c5b9074f3f,125530,32,lung,COVID-19,blood;brain;intestine;kidney;liver;lung,A molecular cell atlas of COVID-19 initiation in human lung,10.1084/jem.20232192,All annotated cells from infection 3,7b55fe5c-d5c8-48e0-a1a3-54c5b9074f3f.h5ad,125530,1,1
7f7faf6b-f11d-4f07-bc1c-188a4472748d,134076,29,lung,COVID-19,blood;brain;intestine;kidney;liver;lung,A molecular cell atlas of COVID-19 initiation in human lung,10.1084/jem.20232192,All annotated cells from infection 2,7f7faf6b-f11d-4f07-bc1c-188a4472748d.h5ad,134076,1,1
2ac76f1b-43ef-4271-8686-2f165570989f,48226,29,lung,COVID-19,blood;brain;intestine;kidney;liver;lung,A molecular cell atlas of COVID-19 initiation in human lung,10.1084/jem.20232192,All annotated cells from infection 1,2ac76f1b-43ef-4271-8686-2f165570989f.h5ad,48226,1,1
7c497c66-c2e2-4291-8b96-339e5e65f314,76298,28,lung,COVID-19,blood;brain;intestine;kidney;liver;lung,A molecular cell atlas of COVID-19 initiation in human lung,10.1084/jem.20232192,All annotated cells from infection 4,7c497c66-c2e2-4291-8b96-339e5e65f314.h5ad,76298,1,1
8fbed309-d3d4-441b-b3ff-e2dcbcec2d35,57918,21,lung,chronic obstructive pulmonary disease;normal,blood;brain;intestine;kidney;liver;lung,Anomalous Epithelial Variations and Ectopic Inflammatory Response in Chronic Obstructive Pulmonary Disease,10.1165/rcmb.2021-0555OC,Anomalous Epithelial Variations and Ectopic Inflammatory Response in Chronic Obstructive Pulmonary Disease,8fbed309-d3d4-441b-b3ff-e2dcbcec2d35.h5ad,57918,1,2
2672b679-8048-4f5e-9786-f1b196ccfd08,57019,20,lung,normal,blood;brain;intestine;kidney;liver;lung,"scRNA-seq assessment of the human lung, spleen, and esophagus tissue stability after cold preservation",10.1186/s13059-019-1906-x,Lung Parenchyma,2672b679-8048-4f5e-9786-f1b196ccfd08.h5ad,57019,1,1
1e4214ce-7347-4ec7-97b3-fcf7c1938e8b,35954,19,lung,lung adenocarcinoma;squamous cell lung carcinoma,blood;brain;intestine;kidney;liver;lung,"Transcriptome Analysis of Archived Tumor Tissues by Visium, GeoMx DSP, and Chromium Methods Reveals Inter- and Intra-Patient Heterogeneity",10.1101/2024.11.01.621259,Lung cancer 4 patients archival FFPE samples profiling with Chromium FLEX,1e4214ce-7347-4ec7-97b3-fcf7c1938e8b.h5ad,35954,1,2
429d21fd-bb9a-4abf-922b-c15138524bdd,108613,13,lung,normal,blood;brain;intestine;kidney;liver;lung,Ischemia Reperfusion Responses in Human Lung Transplants at the Single Cell Resolution,10.1016/j.ajt.2024.08.019,scRNA-seq of lung biopsies from six human lung transplant cases,429d21fd-bb9a-4abf-922b-c15138524bdd.h5ad,108613,1,1
6e00ccf7-0749-46ef-a999-dba785630d52,5499,11,lung,anencephaly,blood;brain;intestine;kidney;liver;lung,Single cell transcriptomic profiling identifies molecular phenotypes of newborn human lung cells,10.3390/genes15030298,Single cell transcriptomic profiling identifies molecular phenotypes of newborn human lung cells,6e00ccf7-0749-46ef-a999-dba785630d52.h5ad,5499,1,1
2f132ec9-24b5-422f-9be0-ccef03b4fe28,39778,9,lung,normal,blood;brain;intestine;kidney;liver;lung,SARS-CoV-2 receptor ACE2 and TMPRSS2 are primarily expressed in bronchial transient secretory cells,10.15252/embj.20105114,Lung,2f132ec9-24b5-422f-9be0-ccef03b4fe28.h5ad,39778,1,1
1e5bd3b8-6a0e-4959-8d69-cafed30fe814,35699,9,lung,normal;pulmonary emphysema,blood;brain;intestine;kidney;liver;lung,Emphysema Cell Atlas,10.1016/j.immuni.2023.01.032,immune cells,1e5bd3b8-6a0e-4959-8d69-cafed30fe814.h5ad,35699,1,2
4b6af54a-4a21-46e0-bc8d-673c0561a836,18386,9,lung,normal;pulmonary emphysema,blood;brain;intestine;kidney;liver;lung,Emphysema Cell Atlas,10.1016/j.immuni.2023.01.032,non-immune cells,4b6af54a-4a21-46e0-bc8d-673c0561a836.h5ad,18386,1,2
d41f45c1-1b7b-4573-a998-ac5c5acb1647,82991,8,lung,lung adenocarcinoma,blood;brain;intestine;kidney;liver;lung,HTAN MSK - Transcriptional connectivity of regulatory T cells in the tumor microenvironment informs novel combination cancer therapy strategies,10.1038/s41590-023-01504-2,Transcriptional connectivity of regulatory T cells in the tumor microenvironment informs novel combination cancer therapy strategies,d41f45c1-1b7b-4573-a998-ac5c5acb1647.h5ad,82991,1,1
43a1506b-aa9e-46a3-b288-d210f4595ddf,20475,8,lung,normal,blood;brain;intestine;kidney;liver;lung,Organoid modeling of human fetal lung alveolar development reveals mechanisms of cell fate patterning and neonatal respiratory disease,10.1016/j.stem.2022.11.013,Late tip organoid,43a1506b-aa9e-46a3-b288-d210f4595ddf.h5ad,20475,1,1
