dataset_id,cell_count,unique_cell_types,tissues,diseases,tissue_general_query
0041b9c3-6a49-4bf7-8514-9bc7190067a7,0,0,,,blood;brain;intestine;kidney;liver;lung
00476f9f-ebc1-4b72-b541-32f912ce36ea,0,0,,,blood;brain;intestine;kidney;liver;lung
00593d17-0693-4646-acad-89dbefba11bb,0,0,,,blood;brain;intestine;kidney;liver;lung
0087cde2-967d-4f7c-8e6e-40e4c9ad1891,5399,1,brain,normal,blood;brain;intestine;kidney;liver;lung
00e5dedd-b9b7-43be-8c28-b0e5c6414a62,0,0,,,blood;brain;intestine;kidney;liver;lung
00f15b43-f871-46d8-8105-814387ad8658,0,0,,,blood;brain;intestine;kidney;liver;lung
00ff600e-6e2e-4d76-846f-0eec4f0ae417,0,0,,,blood;brain;intestine;kidney;liver;lung
01209dce-3575-4bed-b1df-129f57fbc031,28684,6,blood;lung,normal,blood;brain;intestine;kidney;liver;lung
0129dbd9-a7d3-4f6b-96b9-1da155a93748,0,0,,,blood;brain;intestine;kidney;liver;lung
015c230d-650c-4527-870d-8a805849a382,0,0,,,blood;brain;intestine;kidney;liver;lung
019c7af2-c827-4454-9970-44d5e39ce068,0,0,,,blood;brain;intestine;kidney;liver;lung
01ad3cd7-3929-4654-84c0-6db05bd5fd59,600929,11,blood,COVID-19;normal;respiratory system disorder,blood;brain;intestine;kidney;liver;lung
01b84709-139c-4485-98a9-6e14c58fbbf6,0,0,,,blood;brain;intestine;kidney;liver;lung
01c93cf6-b695-4e30-a26e-121ae8b16a9e,3726,8,blood,COVID-19,blood;brain;intestine;kidney;liver;lung
02474d5c-7faa-4567-80f8-56abc0a1df62,0,0,,,blood;brain;intestine;kidney;liver;lung
02792605-4760-4023-82ad-40fc4458a5db,65396,27,liver,primary biliary cholangitis;primary sclerosing cholangitis,blood;brain;intestine;kidney;liver;lung
03181d87-4769-41e7-8c39-d9a81835f0d2,0,0,,,blood;brain;intestine;kidney;liver;lung
0325478a-9b52-45b5-b40a-2e2ab0d72eb1,0,0,,,blood;brain;intestine;kidney;liver;lung
0374f03c-62e2-4859-8a14-acb00b0627d5,0,0,,,blood;brain;intestine;kidney;liver;lung
03c544fb-a103-4d18-9230-eae9cfee3af2,0,0,,,blood;brain;intestine;kidney;liver;lung
03d38670-1444-4001-bc53-9936e61d9b20,0,0,,,blood;brain;intestine;kidney;liver;lung
03d5794d-cde9-4769-a1a9-b3899d2b1d87,0,0,,,blood;brain;intestine;kidney;liver;lung
0436a180-cb44-47ba-8ffa-807b7a468469,0,0,,,blood;brain;intestine;kidney;liver;lung
04557650-a691-4306-a56c-232fbfeb236c,0,0,,,blood;brain;intestine;kidney;liver;lung
04a23820-ffa8-4be5-9f65-64db15631d1e,0,0,,,blood;brain;intestine;kidney;liver;lung
04b0eb97-d816-44bb-93a5-8b2968791aa0,0,0,,,blood;brain;intestine;kidney;liver;lung
04c0bdd8-840f-488e-b72d-2a1229bc65db,0,0,,,blood;brain;intestine;kidney;liver;lung
04c94a7d-1133-42c9-bb48-c697bd302a8d,0,0,,,blood;brain;intestine;kidney;liver;lung
04d87de6-c20a-4186-8884-f47dba20b0a4,0,0,,,blood;brain;intestine;kidney;liver;lung
055ca631-6ffb-40de-815e-b931e10718c0,0,0,,,blood;brain;intestine;kidney;liver;lung
059022cf-885a-4ef8-944b-d9e5381aa1c6,0,0,,,blood;brain;intestine;kidney;liver;lung
05a49baa-d326-42ae-86d2-94de3a659901,0,0,,,blood;brain;intestine;kidney;liver;lung
064fa88b-78dc-4edd-b9cd-bcc16964c81e,0,0,,,blood;brain;intestine;kidney;liver;lung
066943a2-fdac-4b29-b348-40cede398e4e,0,0,,,blood;brain;intestine;kidney;liver;lung
06b91002-4d3d-4d2e-8484-20c3b31e232c,0,0,,,blood;brain;intestine;kidney;liver;lung
06ef6b36-6c9b-4e10-8a94-d0baf274276e,0,0,,,blood;brain;intestine;kidney;liver;lung
07428d73-fdea-4bd4-a801-94b00c4d961c,0,0,,,blood;brain;intestine;kidney;liver;lung
07574da2-6bd3-4708-a04d-27d95c009f4e,0,0,,,blood;brain;intestine;kidney;liver;lung
07760522-707a-4a1c-8891-dbd1226d6b27,0,0,,,blood;brain;intestine;kidney;liver;lung
07854d9c-5375-4a9b-ac34-fa919d3c3686,0,0,,,blood;brain;intestine;kidney;liver;lung
07b1d7c8-5c2e-42f7-9246-26f746cd6013,0,0,,,blood;brain;intestine;kidney;liver;lung
07dd8c34-4625-480a-8ee4-273a06c3082b,0,0,,,blood;brain;intestine;kidney;liver;lung
08073b32-d389-41f4-a4fd-616de76915ab,0,0,,,blood;brain;intestine;kidney;liver;lung
0895c838-e550-48a3-a777-dbcd35d30272,0,0,,,blood;brain;intestine;kidney;liver;lung
090da8ea-46e8-40df-bffc-1f78e1538d27,0,0,,,blood;brain;intestine;kidney;liver;lung
0920bcb8-4b3a-4e9d-a353-56f529fd3b32,0,0,,,blood;brain;intestine;kidney;liver;lung
093d3bfe-6f0f-4ac0-a7a1-829f94d0a49f,69711,56,lung,normal,blood;brain;intestine;kidney;liver;lung
095940cb-7422-4510-96e2-cbafd961eb88,0,0,,,blood;brain;intestine;kidney;liver;lung
09b518f9-da64-44cc-aec8-70a89d55611f,0,0,,,blood;brain;intestine;kidney;liver;lung
0a21f80c-e7a3-465b-8aba-fdda2b4c36bc,0,0,,,blood;brain;intestine;kidney;liver;lung
0a2d7e87-c3c0-4ed2-86df-ae18811fcc16,0,0,,,blood;brain;intestine;kidney;liver;lung
0a8e3443-c3e2-4918-84db-0495657d9175,1234234,38,blood,cytomegalovirus infection,blood;brain;intestine;kidney;liver;lung
0ae6f031-2f9c-4247-8b26-db320d6efd32,7750,10,blood,normal,blood;brain;intestine;kidney;liver;lung
0b4a15a7-4e9e-4555-9733-2423e5c66469,48783,28,kidney,normal,blood;brain;intestine;kidney;liver;lung
0b75c598-0893-4216-afe8-5414cab7739d,0,0,,,blood;brain;intestine;kidney;liver;lung
0ba16f4b-cb87-4fa3-9363-19fc51eec6e7,0,0,,,blood;brain;intestine;kidney;liver;lung
0ba636a1-4754-4786-a8be-7ab3cf760fd6,0,0,,,blood;brain;intestine;kidney;liver;lung
0bae7ebf-eb54-46a6-be9a-3461cecefa4c,27675,18,kidney,normal,blood;brain;intestine;kidney;liver;lung
0bc7235a-ae5a-479d-a487-510435377e55,0,0,,,blood;brain;intestine;kidney;liver;lung
0bf30b02-db97-4560-b9cd-0fe3588892af,0,0,,,blood;brain;intestine;kidney;liver;lung
0c0c49a2-b96b-432f-98a4-1decf9929149,1322061,38,blood,cytomegalovirus infection,blood;brain;intestine;kidney;liver;lung
0c86f0de-ddcb-454c-b00b-37feb69e7da1,0,0,,,blood;brain;intestine;kidney;liver;lung
0c9a8cfb-6649-4d52-b418-6d8e56bd7afe,832,2,liver,normal,blood;brain;intestine;kidney;liver;lung
0caedec7-1c7d-4e79-aba2-50f6916e643f,0,0,,,blood;brain;intestine;kidney;liver;lung
0ced5e76-6040-47ff-8a72-93847965afc0,0,0,,,blood;brain;intestine;kidney;liver;lung
0d2ee4ac-05ee-40b2-afb6-ebb584caa867,0,0,,,blood;brain;intestine;kidney;liver;lung
0d3807bf-97f0-4ec5-9611-15ada507f0df,0,0,,,blood;brain;intestine;kidney;liver;lung
0d7f4c06-a6bd-47d2-a42b-3a7196704f77,0,0,,,blood;brain;intestine;kidney;liver;lung
0de831e0-a525-4ec5-b717-df56f2de2bf0,6133,1,brain,normal,blood;brain;intestine;kidney;liver;lung
0e9d47fb-89b1-42d8-b426-2c7630b5f5fa,0,0,,,blood;brain;intestine;kidney;liver;lung
0eccaf0c-19d2-4900-9962-899378adf8be,0,0,,,blood;brain;intestine;kidney;liver;lung
0ecea697-0f69-4d40-88e1-7f854e17e2b3,0,0,,,blood;brain;intestine;kidney;liver;lung
0ed60482-a34f-4268-b576-d69cc30210f6,0,0,,,blood;brain;intestine;kidney;liver;lung
0ee5ae70-c3f5-473f-bd1c-287f4690ffc5,0,0,,,blood;brain;intestine;kidney;liver;lung
0f4865d5-8000-4f68-8ac7-f5efea9e5e70,0,0,,,blood;brain;intestine;kidney;liver;lung
0fdb6122-4600-40f0-a703-2da47cc7080d,0,0,,,blood;brain;intestine;kidney;liver;lung
1009f384-b12d-448e-ba9f-1b7d2ecfbb4e,0,0,,,blood;brain;intestine;kidney;liver;lung
100c6145-7b0e-4ba6-81c1-ffebed0d1ac4,0,0,,,blood;brain;intestine;kidney;liver;lung
105c7dad-0468-4628-a5be-2bb42c6a8ae4,0,0,,,blood;brain;intestine;kidney;liver;lung
1062c0f2-2a44-4cf9-a7c8-b5ed58b4728d,0,0,,,blood;brain;intestine;kidney;liver;lung
11622d58-4dfe-4a81-b3d2-c4cabbfd636a,0,0,,,blood;brain;intestine;kidney;liver;lung
1185a7d3-a9c1-4280-9ba5-d61895b15cac,0,0,,,blood;brain;intestine;kidney;liver;lung
1196334f-a441-474a-95ee-400780941690,0,0,,,blood;brain;intestine;kidney;liver;lung
11a3244a-6b2f-43ca-95a5-d2cd95c482d2,0,0,,,blood;brain;intestine;kidney;liver;lung
11ae668a-88c2-4d86-ba08-524fe576a882,0,0,,,blood;brain;intestine;kidney;liver;lung
11ef37ee-2173-458e-aab8-7fe35da8e47b,0,0,,,blood;brain;intestine;kidney;liver;lung
11ff73e8-d3e4-4445-9309-477a2c5be6f6,0,0,,,blood;brain;intestine;kidney;liver;lung
120cbe1a-9434-4e23-84bd-f570ac32300c,0,0,,,blood;brain;intestine;kidney;liver;lung
12194ced-8086-458e-84a8-e2ab935d8db1,0,0,,,blood;brain;intestine;kidney;liver;lung
124744b8-4681-474a-9894-683896122708,0,0,,,blood;brain;intestine;kidney;liver;lung
1252c5fb-945f-42d6-b1a8-8a3bd864384b,0,0,,,blood;brain;intestine;kidney;liver;lung
12c3efd8-d515-42e6-b93c-4961e599d524,0,0,,,blood;brain;intestine;kidney;liver;lung
12c868c6-94df-48b5-acf2-b82f6aa14074,0,0,,,blood;brain;intestine;kidney;liver;lung
13149914-ea03-4f01-8bf6-b793b667127b,1509370,12,brain,normal,blood;brain;intestine;kidney;liver;lung
13b61a7d-5605-4948-ba48-02c588960143,0,0,,,blood;brain;intestine;kidney;liver;lung
1405dd3e-d852-4bdd-80ad-a935eca0e78c,0,0,,,blood;brain;intestine;kidney;liver;lung
14363b6e-3428-45b0-8704-10fd5d6316df,0,0,,,blood;brain;intestine;kidney;liver;lung
145dcf6a-2461-4fa3-a0af-7fc56db0bd33,123236,14,brain,glioblastoma,blood;brain;intestine;kidney;liver;lung
146216e1-ec30-4fee-a1fb-25defe801e2d,0,0,,,blood;brain;intestine;kidney;liver;lung
1492eb6b-7d50-4c4d-94ac-c801a7d5555c,0,0,,,blood;brain;intestine;kidney;liver;lung
149b2c3f-ee11-47a7-984b-923570280bd7,301,1,brain,normal,blood;brain;intestine;kidney;liver;lung
15d374d6-0dfd-4d8e-ade7-81f73dc921ee,0,0,,,blood;brain;intestine;kidney;liver;lung
15e0ec3e-a05f-4cd8-8624-96448f5a2b58,0,0,,,blood;brain;intestine;kidney;liver;lung
16023185-de21-4c0d-a9c8-73abdd52d142,0,0,,,blood;brain;intestine;kidney;liver;lung
171b03c9-516b-499c-a434-fa4f70191988,7156,1,brain,normal,blood;brain;intestine;kidney;liver;lung
17e9d436-a264-4c94-a42d-48c8daf6fdd9,7750,10,blood,normal,blood;brain;intestine;kidney;liver;lung
182f6a56-7360-4924-a74e-1772e07b3031,0,0,,,blood;brain;intestine;kidney;liver;lung
182f8181-172b-46c3-9bc3-575bf3bce91b,0,0,,,blood;brain;intestine;kidney;liver;lung
18500fcd-9960-49cb-8a8e-7d868dc14efe,0,0,,,blood;brain;intestine;kidney;liver;lung
1851b6ab-2386-40a1-8c2a-b7cd895b889e,0,0,,,blood;brain;intestine;kidney;liver;lung
186c1742-7f10-424e-a1d9-87ed7c4d6024,0,0,,,blood;brain;intestine;kidney;liver;lung
1873a18a-66fd-4a4d-8277-a872c93f5b59,0,0,,,blood;brain;intestine;kidney;liver;lung
1884e651-5f7f-4e6c-a71a-843ba272aaf4,0,0,,,blood;brain;intestine;kidney;liver;lung
18e2a8c5-33f7-455e-a58a-b2ba6921db27,0,0,,,blood;brain;intestine;kidney;liver;lung
18eb630b-a754-4111-8cd4-c24ec80aa5ec,0,0,,,blood;brain;intestine;kidney;liver;lung
19053a82-9c89-4fb8-bd19-d7b1800b0b7b,10785,59,intestine,colorectal cancer;normal,blood;brain;intestine;kidney;liver;lung
19b21f40-db42-4a71-a0d6-913e83b17784,0,0,,,blood;brain;intestine;kidney;liver;lung
19cca385-55f4-45dd-8e62-d9e15f59e32c,0,0,,,blood;brain;intestine;kidney;liver;lung
19e46756-9100-4e01-8b0e-23b557558a4c,66985,9,blood,clonal hematopoiesis;normal,blood;brain;intestine;kidney;liver;lung
19f1bec6-eeb7-4133-accc-992d745fef89,0,0,,,blood;brain;intestine;kidney;liver;lung
1a018108-b4b6-457b-ba15-046d5e98c169,0,0,,,blood;brain;intestine;kidney;liver;lung
1a2e3350-28a8-4f49-b33c-5b67ceb001f6,0,0,,,blood;brain;intestine;kidney;liver;lung
1a38e762-2465-418f-b81c-6a4bce261c34,0,0,,,blood;brain;intestine;kidney;liver;lung
1a434263-2aa5-4fd9-a1f3-1c4a2a8fb771,0,0,,,blood;brain;intestine;kidney;liver;lung
1a7e99fe-d5b6-44d7-aa50-c6ef6ab29761,0,0,,,blood;brain;intestine;kidney;liver;lung
1a974af7-8b4b-4abb-8aba-23e2979d9518,16668,1,brain,normal,blood;brain;intestine;kidney;liver;lung
1a9f3b38-b86d-416d-bbdc-9058ad3ff42d,0,0,,,blood;brain;intestine;kidney;liver;lung
1ab4ebbc-18d6-4838-89c2-cdc5b10accfb,0,0,,,blood;brain;intestine;kidney;liver;lung
1b350d0a-4535-4879-beb6-1142f3f94947,331337,31,blood;liver;lung,normal,blood;brain;intestine;kidney;liver;lung
1b52ee22-c71a-4a0f-a4d2-c1be36d0b82a,0,0,,,blood;brain;intestine;kidney;liver;lung
1b767f95-d0a0-4a3d-b394-cc665d86c3dc,0,0,,,blood;brain;intestine;kidney;liver;lung
1b9d8702-5af8-4142-85ed-020eb06ec4f6,76407,34,blood;liver;lung,normal,blood;brain;intestine;kidney;liver;lung
1c05b7ae-4dfb-4c1b-a441-4b23c04b169e,0,0,,,blood;brain;intestine;kidney;liver;lung
1c739a3e-c3f5-49d5-98e0-73975e751201,0,0,,,blood;brain;intestine;kidney;liver;lung
1c9eb291-6d31-47e1-96b2-129b5e1ae64f,0,0,,,blood;brain;intestine;kidney;liver;lung
1c9f5c6b-73da-4d17-95de-df080ffe0df1,0,0,,,blood;brain;intestine;kidney;liver;lung
1cf24082-59de-4029-ac81-6e398768af3a,0,0,,,blood;brain;intestine;kidney;liver;lung
1d54fb17-90d5-47ca-ad8d-22ab63cb5c1f,0,0,,,blood;brain;intestine;kidney;liver;lung
1d89d081-f43d-401a-be76-bd6ef9259f4e,10352,18,liver,normal,blood;brain;intestine;kidney;liver;lung
1e4214ce-7347-4ec7-97b3-fcf7c1938e8b,35954,19,lung,lung adenocarcinoma;squamous cell lung carcinoma,blood;brain;intestine;kidney;liver;lung
1e517707-295a-408d-809c-5b1ed4dbeda4,0,0,,,blood;brain;intestine;kidney;liver;lung
1e5bd3b8-6a0e-4959-8d69-cafed30fe814,35699,9,lung,normal;pulmonary emphysema,blood;brain;intestine;kidney;liver;lung
1e6a6ef9-7ec9-4c90-bbfb-2ad3c3165fd1,845946,33,brain;liver;lung,lung adenocarcinoma;non-small cell lung carcinoma;squamous cell lung carcinoma,blood;brain;intestine;kidney;liver;lung
1f1c5c14-5949-4c81-b28e-b272e271b672,0,0,,,blood;brain;intestine;kidney;liver;lung
1fc48734-35ee-4372-885c-95fd2674c75a,79631,1,brain,normal,blood;brain;intestine;kidney;liver;lung
203025fe-fa99-4d57-81da-458ed8f0c334,0,0,,,blood;brain;intestine;kidney;liver;lung
20980d73-7c53-4039-b852-b76a01566d5a,0,0,,,blood;brain;intestine;kidney;liver;lung
20d87640-4be8-487f-93d4-dce38378d00f,0,0,,,blood;brain;intestine;kidney;liver;lung
20de8570-f01a-4016-9e0d-7e2bfb43932a,0,0,,,blood;brain;intestine;kidney;liver;lung
214bf9eb-93db-48c8-8e3c-9bb22fa3bc63,0,0,,,blood;brain;intestine;kidney;liver;lung
215ede73-4f67-4a72-b77e-9c3b077b6dfc,0,0,,,blood;brain;intestine;kidney;liver;lung
21722308-5091-4b63-9c07-4f116ab9a7b3,135482,13,brain,glioblastoma,blood;brain;intestine;kidney;liver;lung
2185eb07-22e2-4209-b3c8-7111afc6aa90,0,0,,,blood;brain;intestine;kidney;liver;lung
218acb0f-9f2f-4f76-b90b-15a4b7c7f629,1263676,11,blood,normal;systemic lupus erythematosus,blood;brain;intestine;kidney;liver;lung
2190bd4d-3be0-4bf7-8ca8-8d6f71228936,0,0,,,blood;brain;intestine;kidney;liver;lung
21d3e683-80a4-4d9b-bc89-ebb2df513dde,246964,14,blood,COVID-19;normal,blood;brain;intestine;kidney;liver;lung
22658f4f-9268-41ad-8828-cc53f4baa9fa,0,0,,,blood;brain;intestine;kidney;liver;lung
22875b17-dc4a-4870-8ca7-477a088ab898,0,0,,,blood;brain;intestine;kidney;liver;lung
232e432a-cef1-4654-8850-3c80244c1a0c,0,0,,,blood;brain;intestine;kidney;liver;lung
232f6a5a-a04c-4758-a6e8-88ab2e3a6e69,0,0,,,blood;brain;intestine;kidney;liver;lung
234c23d0-d6cd-4612-a40d-e5811727564b,45186,3,liver,normal,blood;brain;intestine;kidney;liver;lung
236baeda-5fdd-41bf-8e32-bae21ac7d435,0,0,,,blood;brain;intestine;kidney;liver;lung
24066994-8183-488d-b037-ef6bb524af39,0,0,,,blood;brain;intestine;kidney;liver;lung
2423ce2c-3149-4cca-a2ff-cf682ea29b5f,0,0,,,blood;brain;intestine;kidney;liver;lung
242c6e7f-9016-4048-af70-d631f5eea188,189902,10,blood,COVID-19;normal,blood;brain;intestine;kidney;liver;lung
24584be9-d3d5-49c3-a042-99c18fe324db,0,0,,,blood;brain;intestine;kidney;liver;lung
248cf7bf-508b-4c28-a2fd-cabe2ab956aa,0,0,,,blood;brain;intestine;kidney;liver;lung
24905cd6-203f-4a02-ae7b-cfb4464b2000,0,0,,,blood;brain;intestine;kidney;liver;lung
24ec2dc5-3573-4d66-a9e1-25b7dcf43e27,0,0,,,blood;brain;intestine;kidney;liver;lung
251b1a7e-d050-4486-8d50-4c2619eb0f46,0,0,,,blood;brain;intestine;kidney;liver;lung
2554a654-237c-485e-b0d2-a58b46cf2d9a,0,0,,,blood;brain;intestine;kidney;liver;lung
2672b679-8048-4f5e-9786-f1b196ccfd08,57019,20,lung,normal,blood;brain;intestine;kidney;liver;lung
27159c75-90c9-4c5d-a4d7-b61fc296dff6,0,0,,,blood;brain;intestine;kidney;liver;lung
2727d83a-0af0-443a-bff8-58dc7028289a,0,0,,,blood;brain;intestine;kidney;liver;lung
274968bf-96bf-4670-a85b-afe1cebb7c7d,0,0,,,blood;brain;intestine;kidney;liver;lung
278eac3f-a5a4-4d0a-9d83-0ca7efc67e16,0,0,,,blood;brain;intestine;kidney;liver;lung
27d3952f-fbbc-497d-98d1-f37f3d555235,3457,10,blood,normal,blood;brain;intestine;kidney;liver;lung
27d91086-cfe3-4e33-9282-bd1246e5ce8e,0,0,,,blood;brain;intestine;kidney;liver;lung
2856d06c-0ff9-4e01-bfc9-202b74d0b60f,0,0,,,blood;brain;intestine;kidney;liver;lung
2872f4b0-b171-46e2-abc6-befcf6de6306,0,0,,,blood;brain;intestine;kidney;liver;lung
290d50c7-7158-4198-acf5-6d4b624fd3dc,0,0,,,blood;brain;intestine;kidney;liver;lung
29244e1d-02e6-4133-b411-516ef7474638,0,0,,,blood;brain;intestine;kidney;liver;lung
2a156c92-c62f-4a51-b340-9df09caa589c,0,0,,,blood;brain;intestine;kidney;liver;lung
2a498ace-872a-4935-984b-1afa70fd9886,339597,30,blood,COVID-19;normal;post-COVID-19 disorder,blood;brain;intestine;kidney;liver;lung
2a65bd41-4a3f-42f4-98b2-c53962811152,0,0,,,blood;brain;intestine;kidney;liver;lung
2a7f90de-098a-4a6f-ac07-9e6462792412,0,0,,,blood;brain;intestine;kidney;liver;lung
2a8ca8f3-5599-4cda-b973-3a2dfc3c1fe6,0,0,,,blood;brain;intestine;kidney;liver;lung
2aa1c93c-4ef3-4e9a-98e7-0bd37933953c,0,0,,,blood;brain;intestine;kidney;liver;lung
2ac76f1b-43ef-4271-8686-2f165570989f,48226,29,lung,COVID-19,blood;brain;intestine;kidney;liver;lung
2ad168af-ae8c-469e-b21f-dd7f93146d7e,0,0,,,blood;brain;intestine;kidney;liver;lung
2adb1f8a-a6b1-4909-8ee8-484814e2d4bf,202667,36,blood;brain;intestine;kidney;liver;lung,normal,blood;brain;intestine;kidney;liver;lung
2b868c88-eb35-492d-ba7d-4f2d0ff3ff33,0,0,,,blood;brain;intestine;kidney;liver;lung
2ba40233-8576-4dec-a5f1-2adfa115e2dc,0,0,,,blood;brain;intestine;kidney;liver;lung
2bdd3a2c-2ff4-4314-adf3-8a06b797a33a,0,0,,,blood;brain;intestine;kidney;liver;lung
2c820d53-cbd7-4e0a-be7a-a0ad1989a98f,685024,25,blood,normal,blood;brain;intestine;kidney;liver;lung
2d31c0ca-0233-41ce-bd1a-05aa8404b073,0,0,,,blood;brain;intestine;kidney;liver;lung
2d85960a-2ba8-4f54-9aec-537fae839f5d,0,0,,,blood;brain;intestine;kidney;liver;lung
2d9f953c-940f-43d4-b9cc-7ea371cefb4c,0,0,,,blood;brain;intestine;kidney;liver;lung
2dd73feb-0527-47d5-8c7b-35b6de16aecb,0,0,,,blood;brain;intestine;kidney;liver;lung
2dd9d7a2-4bee-4c3f-a1f5-89bc3271c4f0,0,0,,,blood;brain;intestine;kidney;liver;lung
2e5a9b5d-d31b-4e9f-a179-d5d70ba459fb,0,0,,,blood;brain;intestine;kidney;liver;lung
2e95d453-930b-4425-9475-ccaf8cf2ac40,0,0,,,blood;brain;intestine;kidney;liver;lung
2e9d2f32-4cfb-49b5-b990-cbf4c241214e,0,0,,,blood;brain;intestine;kidney;liver;lung
2ecc72f8-085f-4e86-8692-771f316c54f6,0,0,,,blood;brain;intestine;kidney;liver;lung
2f05ab20-a092-4bab-9276-3e0eb24e3fee,0,0,,,blood;brain;intestine;kidney;liver;lung
2f132ec9-24b5-422f-9be0-ccef03b4fe28,39778,9,lung,normal,blood;brain;intestine;kidney;liver;lung
2f6a20f1-173d-4b8d-860b-c47ffea120fa,0,0,,,blood;brain;intestine;kidney;liver;lung
2f7230e7-4706-4924-b571-473fc1e52c30,0,0,,,blood;brain;intestine;kidney;liver;lung
2fc9c59f-3cfd-48d9-9b23-e369ea31bff3,0,0,,,blood;brain;intestine;kidney;liver;lung
305c1196-76b3-42d1-818f-2694d01dbd97,0,0,,,blood;brain;intestine;kidney;liver;lung
3079e9b0-c6db-45c8-b998-a4555a73968e,28943,1,brain,normal,blood;brain;intestine;kidney;liver;lung
30c2a6fd-d547-460f-a5e7-44c62a2af7ad,207952,28,blood,normal;open-angle glaucoma,blood;brain;intestine;kidney;liver;lung
30cd5311-6c09-46c9-94f1-71fe4b91813c,125117,10,blood,COVID-19;normal,blood;brain;intestine;kidney;liver;lung
30f5e171-83d7-4fc0-bf75-384f122346b3,0,0,,,blood;brain;intestine;kidney;liver;lung
31285bcd-9a28-48ce-8cc0-543af80261d3,11244,1,brain,normal,blood;brain;intestine;kidney;liver;lung
31f04740-c712-4c4b-a3f8-55c0506b3034,0,0,,,blood;brain;intestine;kidney;liver;lung
31f657dc-1875-4c4b-a5ca-ce63b3ef3a82,0,0,,,blood;brain;intestine;kidney;liver;lung
322c816f-608a-4da1-99c4-36ca4ad45146,0,0,,,blood;brain;intestine;kidney;liver;lung
3241c34f-581a-4de3-81fe-28e3de182680,9687,28,blood,HIV infectious disease;HIV infectious disease || leishmaniasis;normal,blood;brain;intestine;kidney;liver;lung
325044a1-4766-4104-8da9-abdfd1397e74,0,0,,,blood;brain;intestine;kidney;liver;lung
3294d050-6eeb-4a00-b24c-71aacc9b777f,0,0,,,blood;brain;intestine;kidney;liver;lung
32b9bdce-2481-4c85-ba1b-6ad5fcea844c,0,0,,,blood;brain;intestine;kidney;liver;lung
32e8a3d7-7b15-4f80-a0ff-6d2fc531e972,0,0,,,blood;brain;intestine;kidney;liver;lung
34229bdc-a895-4394-8820-574e4028d8c6,31924,1,brain,normal,blood;brain;intestine;kidney;liver;lung
343ff97c-85df-494b-8400-beb937618611,0,0,,,blood;brain;intestine;kidney;liver;lung
34deb33b-a50e-4993-a38b-1c0e5079c1c2,0,0,,,blood;brain;intestine;kidney;liver;lung
34f5307e-7b4d-4a48-b68f-2ba844c6414b,0,0,,,blood;brain;intestine;kidney;liver;lung
350237e0-9f48-4cbd-9140-3b44495549f3,654947,49,lung,normal,blood;brain;intestine;kidney;liver;lung
35090826-f636-40c1-a3ef-4466beeab9f8,0,0,,,blood;brain;intestine;kidney;liver;lung
359f7af4-87d4-4117-9d6c-ca4cfa1f3f0b,0,0,,,blood;brain;intestine;kidney;liver;lung
35c8a04c-8639-4d15-8228-765d8d93fc96,0,0,,,blood;brain;intestine;kidney;liver;lung
364348b4-bc34-4fe1-a851-60d99e36cafa,0,0,,,blood;brain;intestine;kidney;liver;lung
364bd0c7-f7fd-48ed-99c1-ae26872b1042,0,0,,,blood;brain;intestine;kidney;liver;lung
367b55f4-d543-49aa-90e8-4765fcb8c687,0,0,,,blood;brain;intestine;kidney;liver;lung
36c867a7-be10-4e69-9b39-5de12b0af6da,0,0,,,blood;brain;intestine;kidney;liver;lung
374edd6c-e163-461d-a036-d0dbbca7e8db,0,0,,,blood;brain;intestine;kidney;liver;lung
37a17b78-4864-4a42-b67b-31c00962795a,0,0,,,blood;brain;intestine;kidney;liver;lung
37b21763-7f0f-41ae-9001-60bad6e2841d,0,0,,,blood;brain;intestine;kidney;liver;lung
381aa407-317a-40ef-8048-7ce0eacc4266,0,0,,,blood;brain;intestine;kidney;liver;lung
38491c97-ce53-43d6-b34a-ef93176c9481,0,0,,,blood;brain;intestine;kidney;liver;lung
387acac5-48cd-4f25-880e-523114ccb006,0,0,,,blood;brain;intestine;kidney;liver;lung
389bfbb9-8ef1-4582-8c41-410131c3d0eb,0,0,,,blood;brain;intestine;kidney;liver;lung
390b376d-8857-4b4b-991f-0d7326938172,4112,1,brain,normal,blood;brain;intestine;kidney;liver;lung
3966ba97-beb8-4d0b-9954-d3775cd2cd61,0,0,,,blood;brain;intestine;kidney;liver;lung
396a9124-fb20-4822-bf9c-e93fdf7c999a,0,0,,,blood;brain;intestine;kidney;liver;lung
39ed7d98-676d-4b8d-9d0a-0f3b60914ead,49533,4,brain,normal,blood;brain;intestine;kidney;liver;lung
39f6fec9-2539-4b99-982b-f12888ef649a,0,0,,,blood;brain;intestine;kidney;liver;lung
3a1df9df-425e-451f-9d69-1ba7985296d9,0,0,,,blood;brain;intestine;kidney;liver;lung
3a702020-cf66-4ef5-9d11-4a5e835b7efb,0,0,,,blood;brain;intestine;kidney;liver;lung
3a7f3ab4-a280-4b3b-b2c0-6dd05614a78c,0,0,,,blood;brain;intestine;kidney;liver;lung
3a805b8d-c9d8-4c9b-881f-0eefa635974d,0,0,,,blood;brain;intestine;kidney;liver;lung
3affa268-8a74-460a-ac9b-a984c0832469,0,0,,,blood;brain;intestine;kidney;liver;lung
3b6ed41e-10a1-47dd-b995-8cde7d041fd6,0,0,,,blood;brain;intestine;kidney;liver;lung
3b8b5de4-3aa1-4ac6-8890-8d03c8219981,0,0,,,blood;brain;intestine;kidney;liver;lung
3bfd5174-5b49-4e58-b233-ed0f4edd0bec,7750,10,blood,normal,blood;brain;intestine;kidney;liver;lung
3c361813-5d5e-4868-bfe5-e7591e7b5381,0,0,,,blood;brain;intestine;kidney;liver;lung
3c364ffe-d599-44d5-a77f-6c5fd7038cf6,0,0,,,blood;brain;intestine;kidney;liver;lung
3c4c21e0-00c9-4e9d-8cfd-62ebef62b8eb,0,0,,,blood;brain;intestine;kidney;liver;lung
3c75a463-6a87-4132-83a8-c3002624394d,95064,24,blood,common variable immunodeficiency;normal,blood;brain;intestine;kidney;liver;lung
3cb646ab-d411-4e5b-89eb-082a786c953b,1350748,38,blood,normal,blood;brain;intestine;kidney;liver;lung
3d044b52-140a-4528-bf0d-a2dbef9e1f40,0,0,,,blood;brain;intestine;kidney;liver;lung
3d0d6923-a2c4-476f-a53e-3b7bfa010d90,0,0,,,blood;brain;intestine;kidney;liver;lung
3dc61ca1-ce40-46b6-8337-f27260fd9a03,71752,77,lung,normal,blood;brain;intestine;kidney;liver;lung
3de0ad6d-4378-4f62-b37b-ec0b75a50d94,0,0,,,blood;brain;intestine;kidney;liver;lung
3e4e2c8e-cd17-4ece-9141-1e7f4ce8da1f,0,0,,,blood;brain;intestine;kidney;liver;lung
3e524d45-2265-4440-b903-3c30d51a0b17,0,0,,,blood;brain;intestine;kidney;liver;lung
3e55180c-780a-4424-9434-5296640ffc0d,7774,10,brain,normal,blood;brain;intestine;kidney;liver;lung
3e87b1fa-472a-401c-8fa8-f31c10437d5f,0,0,,,blood;brain;intestine;kidney;liver;lung
3f1c0eb7-c2b2-435c-af1b-793670935fd9,0,0,,,blood;brain;intestine;kidney;liver;lung
3f31f8ce-bbf6-4df8-8203-aa240ed03026,0,0,,,blood;brain;intestine;kidney;liver;lung
3f32121d-126b-4e8d-9f69-d86502d2a1b1,0,0,,,blood;brain;intestine;kidney;liver;lung
3f56901c-dd4a-47d6-b60b-7b0c0111cfb2,0,0,,,blood;brain;intestine;kidney;liver;lung
3f6ab2aa-6c63-4753-b652-3a9b9e7c8ee5,7750,10,blood,normal,blood;brain;intestine;kidney;liver;lung
3f766409-fcd6-4553-99e8-259bc24a6be6,0,0,,,blood;brain;intestine;kidney;liver;lung
3faad104-2ab8-4434-816d-474d8d2641db,1248980,29,blood,normal,blood;brain;intestine;kidney;liver;lung
4023a2bc-6325-47db-bfdf-9639e91042c2,61399,5,lung,normal,blood;brain;intestine;kidney;liver;lung
40318d39-3d8f-49f4-8455-a2e1365c5c5b,0,0,,,blood;brain;intestine;kidney;liver;lung
40569510-2282-461b-84df-6218ef208e0e,0,0,,,blood;brain;intestine;kidney;liver;lung
40a0ade8-6067-4e22-9224-4d3c5e9bfc0d,0,0,,,blood;brain;intestine;kidney;liver;lung
40e79234-65e8-45e9-b555-5c663154a108,0,0,,,blood;brain;intestine;kidney;liver;lung
420d0f5d-b7ba-4b1e-88d0-44e9f733febd,1712244,38,blood,normal,blood;brain;intestine;kidney;liver;lung
421e5f54-5de7-425f-b399-34ead0651ce1,0,0,,,blood;brain;intestine;kidney;liver;lung
4269074c-f2c1-4d88-b2c3-0946f59d5449,0,0,,,blood;brain;intestine;kidney;liver;lung
429d21fd-bb9a-4abf-922b-c15138524bdd,108613,13,lung,normal,blood;brain;intestine;kidney;liver;lung
42b6a476-c51d-4f8b-b68b-44941b3a11bf,0,0,,,blood;brain;intestine;kidney;liver;lung
4319097a-acae-4124-beed-d1173ffe1464,7750,10,blood,normal,blood;brain;intestine;kidney;liver;lung
43245158-5ae1-4e71-a9a6-67eef49c26bc,0,0,,,blood;brain;intestine;kidney;liver;lung
432f3af5-6a79-401f-b315-fb2df789f32c,7750,10,blood,normal,blood;brain;intestine;kidney;liver;lung
43560d7c-acd6-4ede-830d-c9ffc6cd0862,15216,9,liver,normal,blood;brain;intestine;kidney;liver;lung
4398dcfc-f86b-4d52-aa9f-1f2cf902c0cf,0,0,,,blood;brain;intestine;kidney;liver;lung
43a1506b-aa9e-46a3-b288-d210f4595ddf,20475,8,lung,normal,blood;brain;intestine;kidney;liver;lung
43aa19d2-c723-4822-979d-d2f0239835e0,0,0,,,blood;brain;intestine;kidney;liver;lung
43b7e156-65b3-4a7b-8c7a-08528e4b21d0,0,0,,,blood;brain;intestine;kidney;liver;lung
4442d412-91cb-4261-acca-8adf5fa04c11,0,0,,,blood;brain;intestine;kidney;liver;lung
44882825-0da1-4547-b721-2c6105d4a9d1,0,0,,,blood;brain;intestine;kidney;liver;lung
44941fdb-8a6f-42d5-9b34-da48c2a3f774,0,0,,,blood;brain;intestine;kidney;liver;lung
44c83972-e5d2-4858-ac58-2df9f4bf564b,0,0,,,blood;brain;intestine;kidney;liver;lung
44c93f2b-dd66-4d15-81ef-de9394c76290,0,0,,,blood;brain;intestine;kidney;liver;lung
456e8b9b-f872-488b-871d-94534090a865,44721,19,blood,COVID-19;normal,blood;brain;intestine;kidney;liver;lung
4593c820-512d-4805-a10f-c0b864a7cc8c,0,0,,,blood;brain;intestine;kidney;liver;lung
459dc9de-9ab8-4e4d-ac44-182595b1c18b,0,0,,,blood;brain;intestine;kidney;liver;lung
460dfe21-0550-4521-92fe-db0f3036d8b0,18122,7,blood,B-cell acute lymphoblastic leukemia,blood;brain;intestine;kidney;liver;lung
46104f0b-9af5-466a-ae0f-56b8dc1969a2,2616824,38,blood,normal,blood;brain;intestine;kidney;liver;lung
46f6fd9d-1bef-4ac7-a26a-b074e105b475,0,0,,,blood;brain;intestine;kidney;liver;lung
46ff9dc2-3d87-4b36-91aa-ffa8aa13c52e,0,0,,,blood;brain;intestine;kidney;liver;lung
470565f2-5afc-456a-b617-18e4496c04fd,0,0,,,blood;brain;intestine;kidney;liver;lung
471647b3-04fe-4c76-8372-3264feb950e8,21848,12,blood;liver,normal,blood;brain;intestine;kidney;liver;lung
47214e12-ee1e-4a89-ba9e-48136cfdeef8,0,0,,,blood;brain;intestine;kidney;liver;lung
4724c395-0c46-46d2-81f7-60fd271fb488,0,0,,,blood;brain;intestine;kidney;liver;lung
47e00f43-6176-44a5-b4d1-f88a1920fcab,1750565,38,blood,normal,blood;brain;intestine;kidney;liver;lung
48101fa2-1a63-4514-b892-53ea1d3a8657,0,0,,,blood;brain;intestine;kidney;liver;lung
482954b2-0456-4901-b379-b62f99c0ab2d,0,0,,,blood;brain;intestine;kidney;liver;lung
4859642c-d155-437b-adf5-83ca6c1bef67,582,1,brain,normal,blood;brain;intestine;kidney;liver;lung
486486d4-9462-43e5-9249-eb43fa5a49a6,0,0,,,blood;brain;intestine;kidney;liver;lung
489318a0-24c3-4f5c-b105-f084ed0ea026,0,0,,,blood;brain;intestine;kidney;liver;lung
489eaa11-c119-4a5f-b44b-81e33c80c0ef,0,0,,,blood;brain;intestine;kidney;liver;lung
48c4a72a-bc2a-4d7c-9146-a7c2ab1d7d9f,0,0,,,blood;brain;intestine;kidney;liver;lung
492d9f77-c4c8-485d-92d7-7686fe6c8482,0,0,,,blood;brain;intestine;kidney;liver;lung
493a8b60-d676-44d1-b022-d14c1ad0b36c,0,0,,,blood;brain;intestine;kidney;liver;lung
494faa16-c42d-4b66-8667-f66a3bcacb01,0,0,,,blood;brain;intestine;kidney;liver;lung
4976b234-9028-4b4b-8a2f-8ac59d636219,0,0,,,blood;brain;intestine;kidney;liver;lung
4993d61c-1d04-4630-9c61-8d9431f39adc,1167,4,liver,normal,blood;brain;intestine;kidney;liver;lung
49dbdcb6-f1d5-4423-9999-1e4a6b67d10b,0,0,,,blood;brain;intestine;kidney;liver;lung
4a5b00e0-1ba3-4fd4-af89-d3512eb20720,516121,9,blood,hematologic disorder;myelodysplastic syndrome;myelodysplastic/myeloproliferative disease;normal,blood;brain;intestine;kidney;liver;lung
4a90bbba-df97-4a28-83ae-7386fe7d9167,0,0,,,blood;brain;intestine;kidney;liver;lung
4b5afdf9-9299-4655-9218-c9f67b3776e7,0,0,,,blood;brain;intestine;kidney;liver;lung
4b6af54a-4a21-46e0-bc8d-673c0561a836,18386,9,lung,normal;pulmonary emphysema,blood;brain;intestine;kidney;liver;lung
4b83f213-b96b-4c87-a884-9b81faddb194,22370,11,brain,normal,blood;brain;intestine;kidney;liver;lung
4c4cd77c-8fee-4836-9145-16562a8782fe,0,0,,,blood;brain;intestine;kidney;liver;lung
4c6f9f26-5470-455b-8933-c408232fbf56,2576,5,kidney,chromophobe renal cell carcinoma,blood;brain;intestine;kidney;liver;lung
4cdd25a4-f4fa-4c13-b8a9-80cf28511d46,0,0,,,blood;brain;intestine;kidney;liver;lung
4ce8d8ec-b94c-4b79-afcb-b094336d8a78,8219,6,liver,normal,blood;brain;intestine;kidney;liver;lung
4d2e0563-cf4a-48bd-aa7f-efc26025b53a,0,0,,,blood;brain;intestine;kidney;liver;lung
4d43082e-59cd-43ac-b77d-54d55519c881,0,0,,,blood;brain;intestine;kidney;liver;lung
4dd00779-7f73-4f50-89bb-e2d3c6b71b18,0,0,,,blood;brain;intestine;kidney;liver;lung
4dd1cd23-fc4d-4fd1-9709-602540f3ca6f,0,0,,,blood;brain;intestine;kidney;liver;lung
4e374783-0152-423e-bcb6-b87cc232f64d,19711,1,brain,normal,blood;brain;intestine;kidney;liver;lung
4e38f019-f8e8-44ae-ad32-ba500de6f64c,0,0,,,blood;brain;intestine;kidney;liver;lung
4e74d843-8d7a-497a-918a-f079ef141b6d,0,0,,,blood;brain;intestine;kidney;liver;lung
4ebcbeeb-2208-4d30-acb2-8142a5201814,0,0,,,blood;brain;intestine;kidney;liver;lung
4ed927e9-c099-49af-b8ce-a2652d069333,0,0,,,blood;brain;intestine;kidney;liver;lung
4f1555bc-4664-46c3-a606-78d34dd10d92,0,0,,,blood;brain;intestine;kidney;liver;lung
4fb330ab-2d74-4649-b58f-7ffef457efdf,0,0,,,blood;brain;intestine;kidney;liver;lung
5097d77d-08fa-4105-a18f-4072d61522a4,0,0,,,blood;brain;intestine;kidney;liver;lung
50dc91a1-36b6-472a-b884-7307b6961ab1,0,0,,,blood;brain;intestine;kidney;liver;lung
50eb1e23-b8d4-4f76-a184-44e5541fa05a,4755,7,blood,COVID-19,blood;brain;intestine;kidney;liver;lung
514329cb-2f22-4e7b-b789-75ea1a1e0067,0,0,,,blood;brain;intestine;kidney;liver;lung
518d9049-2a76-44f8-8abc-1e2b59ab5ba1,0,0,,,blood;brain;intestine;kidney;liver;lung
51d9716c-50bb-4fd8-8d1e-7d9329969cb7,11177,8,intestine,normal,blood;brain;intestine;kidney;liver;lung
51f476f7-b24d-42f3-8871-7dab3fa35e96,0,0,,,blood;brain;intestine;kidney;liver;lung
524d4513-8afd-4120-9b7b-fe31ae10c29b,0,0,,,blood;brain;intestine;kidney;liver;lung
524e045e-e74c-4e00-9884-d5c3bef3d862,0,0,,,blood;brain;intestine;kidney;liver;lung
5263b821-82f6-4344-acf7-a3821ef0c1bf,0,0,,,blood;brain;intestine;kidney;liver;lung
527641f0-df64-4c80-957c-a65dccd477bc,7750,10,blood,normal,blood;brain;intestine;kidney;liver;lung
529bb209-9d7b-44da-bfa4-f6e4745c46c2,0,0,,,blood;brain;intestine;kidney;liver;lung
52ea546e-9229-40ef-b048-a2e694dd73e8,0,0,,,blood;brain;intestine;kidney;liver;lung
52f18bc3-52d9-487b-bf8f-f0b7aa684b09,0,0,,,blood;brain;intestine;kidney;liver;lung
531c9543-9093-45ed-93ac-ebc5815bfb8a,0,0,,,blood;brain;intestine;kidney;liver;lung
5346f9c6-755e-4336-94cc-38706ec00c2f,0,0,,,blood;brain;intestine;kidney;liver;lung
535e9336-2d8d-43c3-944d-bcbebe20df8a,0,0,,,blood;brain;intestine;kidney;liver;lung
53bc5729-6202-4351-bc99-1f36139e9dc4,0,0,,,blood;brain;intestine;kidney;liver;lung
53ce2631-3646-4172-bbd9-38b0a44d8214,0,0,,,blood;brain;intestine;kidney;liver;lung
53d208b0-2cfd-4366-9866-c3c6114081bc,184670,34,blood;kidney;liver;lung,normal,blood;brain;intestine;kidney;liver;lung
53d9dafe-deb9-40b2-8bb4-38774fc8fc02,0,0,,,blood;brain;intestine;kidney;liver;lung
5467c340-864c-4810-86ef-647039c07148,0,0,,,blood;brain;intestine;kidney;liver;lung
547b47fa-d4e4-439e-bace-5b3b0f45fa23,0,0,,,blood;brain;intestine;kidney;liver;lung
54999653-92b5-40e8-8438-0456ddb62cb2,0,0,,,blood;brain;intestine;kidney;liver;lung
54d56674-e4e1-4e3c-9110-ea5cc2ac0eb5,0,0,,,blood;brain;intestine;kidney;liver;lung
54ea5aba-3413-4c6b-a925-b4f1635d6580,0,0,,,blood;brain;intestine;kidney;liver;lung
55003f67-c494-46f1-83fb-902745646379,0,0,,,blood;brain;intestine;kidney;liver;lung
5500c673-1610-40a0-86d9-64d987ae50e6,0,0,,,blood;brain;intestine;kidney;liver;lung
551ad2bc-2e82-4541-8aab-849988d43752,0,0,,,blood;brain;intestine;kidney;liver;lung
5525b4bd-e4e1-49d2-8734-0e7e14c5515f,0,0,,,blood;brain;intestine;kidney;liver;lung
55ca4411-8c7d-4aef-a572-50852e030c05,0,0,,,blood;brain;intestine;kidney;liver;lung
55cf0ea3-9d2b-4294-871e-bb4b49a79fc7,0,0,,,blood;brain;intestine;kidney;liver;lung
5662e542-8cf7-487b-8423-f50b64dc6421,0,0,,,blood;brain;intestine;kidney;liver;lung
569bce19-14c3-436f-bebf-543e5ea025dc,0,0,,,blood;brain;intestine;kidney;liver;lung
56a4bc14-9407-45fd-8786-f7f6fc87c9dd,0,0,,,blood;brain;intestine;kidney;liver;lung
56c33a38-2732-4e53-a9c1-1bc61eda9a99,0,0,,,blood;brain;intestine;kidney;liver;lung
56c4912d-2bae-4b64-98f2-af8a84389208,1092789,18,brain,glioblastoma,blood;brain;intestine;kidney;liver;lung
572f3f3e-d3e4-4d13-8e2b-88215e508481,0,0,,,blood;brain;intestine;kidney;liver;lung
574e9f9e-f8b4-41ef-bf19-89a9964fd9c7,0,0,,,blood;brain;intestine;kidney;liver;lung
576f193c-75d0-4a11-bd25-8676587e6dc2,107174,11,brain;liver;lung,lung adenocarcinoma;normal;small cell lung carcinoma,blood;brain;intestine;kidney;liver;lung
577b8c6e-892b-4d62-b140-1fdca940a649,0,0,,,blood;brain;intestine;kidney;liver;lung
5829c7ba-697f-418e-8b98-d605b192dc48,0,0,,,blood;brain;intestine;kidney;liver;lung
584a1915-74ac-4659-a953-f2db8c6a90c5,0,0,,,blood;brain;intestine;kidney;liver;lung
58679288-9ecc-4647-9781-12a3a8f8c6fd,0,0,,,blood;brain;intestine;kidney;liver;lung
589fe605-6d49-4abe-bff8-1675511c689a,0,0,,,blood;brain;intestine;kidney;liver;lung
58c43cc2-e00e-43c4-94eb-8501369264e1,0,0,,,blood;brain;intestine;kidney;liver;lung
58f43044-cd3c-42b8-bc0b-3498eb236359,35317,51,brain,normal,blood;brain;intestine;kidney;liver;lung
595c9010-99ec-462d-b6a1-2b2fe5407871,0,0,,,blood;brain;intestine;kidney;liver;lung
59632ec0-6f10-48c6-af79-81024e84843e,7750,10,blood,normal,blood;brain;intestine;kidney;liver;lung
598100f7-01da-4de4-998a-05917fd6c446,0,0,,,blood;brain;intestine;kidney;liver;lung
59923449-e303-43e6-9e63-03ef92f5ebd1,0,0,,,blood;brain;intestine;kidney;liver;lung
599504e5-d4ad-45bd-9128-823faf0fb9c9,0,0,,,blood;brain;intestine;kidney;liver;lung
59b69042-47c2-47fd-ad03-d21beb99818f,49139,25,blood,COVID-19;normal,blood;brain;intestine;kidney;liver;lung
5a11f879-d1ef-458a-910c-9b0bdfca5ebf,0,0,,,blood;brain;intestine;kidney;liver;lung
5a73f63f-18a2-49b5-b431-2c469c41a41b,0,0,,,blood;brain;intestine;kidney;liver;lung
5a9cfb44-494a-4540-8db8-7143b1bb5a6f,0,0,,,blood;brain;intestine;kidney;liver;lung
5ae6ab72-1927-4d5b-9826-86be65791293,0,0,,,blood;brain;intestine;kidney;liver;lung
5af90777-6760-4003-9dba-8f945fec6fdf,253040,45,blood;kidney,kidney benign neoplasm;kidney oncocytoma;nonpapillary renal cell carcinoma;normal,blood;brain;intestine;kidney;liver;lung
5b25a46f-f1cf-4caa-9e10-6ab81dfe9174,12822,28,blood,HIV infectious disease || visceral leishmaniasis,blood;brain;intestine;kidney;liver;lung
5ba85070-a41c-4184-9c18-cf34c3fd0f62,0,0,,,blood;brain;intestine;kidney;liver;lung
5bc23cb2-8cfc-4960-bab1-c3027fbeefc4,0,0,,,blood;brain;intestine;kidney;liver;lung
5bc42b88-bb76-4954-927b-8bb7369adc64,11266,12,blood,normal,blood;brain;intestine;kidney;liver;lung
5bdc423a-59e6-457d-aa01-debd2c9c564f,0,0,,,blood;brain;intestine;kidney;liver;lung
5c97eeeb-7e52-44b3-b010-b832b1f5424c,0,0,,,blood;brain;intestine;kidney;liver;lung
5cdbb2ea-c622-466d-9ead-7884ad8cb99f,0,0,,,blood;brain;intestine;kidney;liver;lung
5ce42b38-d867-487f-9b40-e8bb00b21d0b,0,0,,,blood;brain;intestine;kidney;liver;lung
5d3fc988-765d-48ba-bfb5-151ef2988cac,0,0,,,blood;brain;intestine;kidney;liver;lung
5e57cd50-8e42-42d6-940d-5c1660d06864,0,0,,,blood;brain;intestine;kidney;liver;lung
5e5ab909-f73f-4b57-98a0-6d2c5662f6a4,0,0,,,blood;brain;intestine;kidney;liver;lung
5e5e7a2f-8f1c-42ac-90dc-b4f80f38e84c,0,0,,,blood;brain;intestine;kidney;liver;lung
5e717147-0f75-4de1-8bd2-6fda01b8d75f,90957,22,blood,COVID-19;normal,blood;brain;intestine;kidney;liver;lung
5e7fff82-b8eb-4220-bf65-c6feb6765ea1,563,1,brain,normal,blood;brain;intestine;kidney;liver;lung
5e9fbc0b-16ff-4245-bd59-c22d4113c017,0,0,,,blood;brain;intestine;kidney;liver;lung
5ea56ccf-4662-4303-9d49-abc69b1c435a,0,0,,,blood;brain;intestine;kidney;liver;lung
5ed90bc0-12f3-4354-b314-0ce0dbb96458,0,0,,,blood;brain;intestine;kidney;liver;lung
5ee552f5-834c-4766-92c8-5a09dfd45767,0,0,,,blood;brain;intestine;kidney;liver;lung
5f2d5734-b90a-4d19-bb5f-1ff473259d10,0,0,,,blood;brain;intestine;kidney;liver;lung
5f4556b6-017e-49b3-b31c-c6e8e226c9fb,0,0,,,blood;brain;intestine;kidney;liver;lung
5fde5c9c-5b1e-4df5-982a-3f8e7635161f,1206761,38,blood,cytomegalovirus infection,blood;brain;intestine;kidney;liver;lung
601c7454-17ff-432c-8e0d-902bfddb8013,0,0,,,blood;brain;intestine;kidney;liver;lung
605b89b1-c474-4180-8c0b-88afb5920991,0,0,,,blood;brain;intestine;kidney;liver;lung
60a29d0b-1a37-4447-ac32-00d701580b47,7813,35,kidney,normal,blood;brain;intestine;kidney;liver;lung
61adb974-beea-432e-9b4f-677d9cb22ece,0,0,,,blood;brain;intestine;kidney;liver;lung
61af564d-e5ea-4d34-a0f3-2668a00db376,0,0,,,blood;brain;intestine;kidney;liver;lung
61d327d1-2227-4c5f-9367-e3559dc79b07,0,0,,,blood;brain;intestine;kidney;liver;lung
6202f287-c6f8-48f3-a296-8c8341251187,0,0,,,blood;brain;intestine;kidney;liver;lung
62315937-e268-4fa5-a032-8f7d776f3a3f,0,0,,,blood;brain;intestine;kidney;liver;lung
62527b1a-826c-423d-b123-e495846979a9,0,0,,,blood;brain;intestine;kidney;liver;lung
629f83be-1e74-44df-8526-f26439b8f95e,0,0,,,blood;brain;intestine;kidney;liver;lung
62de80d7-e6c4-4ff0-ad4c-d3d36f57cb93,0,0,,,blood;brain;intestine;kidney;liver;lung
639ffc23-14db-4060-9027-3c90314200f8,0,0,,,blood;brain;intestine;kidney;liver;lung
63b0a978-5820-4c3a-96a8-af098c1b0166,0,0,,,blood;brain;intestine;kidney;liver;lung
63bb6359-3945-4658-92eb-3072419953e4,0,0,,,blood;brain;intestine;kidney;liver;lung
64267fb5-7b70-4705-a13b-cc38966c22a8,163714,2,brain,normal,blood;brain;intestine;kidney;liver;lung
6437bc9c-16cb-46c8-8f79-9a7384a0212a,0,0,,,blood;brain;intestine;kidney;liver;lung
644a578d-ffdc-446b-9679-e7ab4c919c13,0,0,,,blood;brain;intestine;kidney;liver;lung
646e3e87-e46b-4b12-85b5-8d8589e26088,0,0,,,blood;brain;intestine;kidney;liver;lung
64767efb-49b0-4562-a1bd-e619a5d9db41,0,0,,,blood;brain;intestine;kidney;liver;lung
647f6028-4173-4188-9db6-f94e0a65e967,0,0,,,blood;brain;intestine;kidney;liver;lung
64f4ad90-a422-400a-944d-4ce0f39594a7,0,0,,,blood;brain;intestine;kidney;liver;lung
6538ce1b-7949-405f-b01c-a2c3e876baee,0,0,,,blood;brain;intestine;kidney;liver;lung
65badd7a-9262-4fd1-9ce2-eb5dc0ca8039,0,0,,,blood;brain;intestine;kidney;liver;lung
66d15835-5dc8-4e96-b0eb-f48971cb65e8,0,0,,,blood;brain;intestine;kidney;liver;lung
6701d782-76f2-40e6-82f1-495350dd9a63,0,0,,,blood;brain;intestine;kidney;liver;lung
6725ee8e-ef5b-4e68-8901-61bd14a1fe73,390421,33,intestine;liver;lung,normal,blood;brain;intestine;kidney;liver;lung
675873e1-3f1d-4bd5-9fad-3ce8a5ad98e1,0,0,,,blood;brain;intestine;kidney;liver;lung
67b6b9ac-b841-42ce-b2d4-ed2ec12327bd,0,0,,,blood;brain;intestine;kidney;liver;lung
680029ee-29b3-4e03-bdb3-47d163540ef0,0,0,,,blood;brain;intestine;kidney;liver;lung
68b6114f-e990-4033-bfb3-c35536633aaa,0,0,,,blood;brain;intestine;kidney;liver;lung
6929d6d1-6f81-44d7-bd35-5a580259af81,1875,1,brain,normal,blood;brain;intestine;kidney;liver;lung
693ae928-96ba-47de-b9d9-1321c675bfcd,0,0,,,blood;brain;intestine;kidney;liver;lung
6a270451-b4d9-43e0-aa89-e33aac1ac74b,2720,7,intestine,colon sessile serrated adenoma/polyp;colorectal cancer;hyperplastic polyp;normal;tubular adenoma;tubulovillous adenoma,blood;brain;intestine;kidney;liver;lung
6a30bf44-c490-41ac-965b-0bb58432b10a,0,0,,,blood;brain;intestine;kidney;liver;lung
6c105286-54e3-4587-969f-30683390ff8c,0,0,,,blood;brain;intestine;kidney;liver;lung
6c600df6-ddca-4628-a8bb-1d6de1e3f9b4,0,0,,,blood;brain;intestine;kidney;liver;lung
6c87755e-a671-41a8-9c7e-4e43b850a57b,113438,13,liver;lung,breast cancer,blood;brain;intestine;kidney;liver;lung
6cda07c7-5d7a-41ba-9799-5bb73da25a60,0,0,,,blood;brain;intestine;kidney;liver;lung
6ceeaa86-9ceb-4582-b390-6d4dd6ff0572,0,0,,,blood;brain;intestine;kidney;liver;lung
6cf3634d-e911-44ad-bf52-c747a9af3c01,0,0,,,blood;brain;intestine;kidney;liver;lung
6d41668c-168c-4500-b06a-4674ccf3e19d,0,0,,,blood;brain;intestine;kidney;liver;lung
6d452161-70af-43dd-988c-e3c4050d31e8,0,0,,,blood;brain;intestine;kidney;liver;lung
6d50d513-c158-4b0f-b1df-b54c8572163b,0,0,,,blood;brain;intestine;kidney;liver;lung
6dafb698-7a53-4699-ad13-1b5e2c164be7,0,0,,,blood;brain;intestine;kidney;liver;lung
6e00ccf7-0749-46ef-a999-dba785630d52,5499,11,lung,anencephaly,blood;brain;intestine;kidney;liver;lung
6e4acdae-59ef-452b-a6d4-260cba368586,0,0,,,blood;brain;intestine;kidney;liver;lung
6ec405bb-4727-4c6d-ab4e-01fe489af7ea,0,0,,,blood;brain;intestine;kidney;liver;lung
6ed0bb6c-a9e3-4ba6-9436-7c8fd4e206f0,0,0,,,blood;brain;intestine;kidney;liver;lung
6f30673d-0464-4d3c-9568-96a266a9b6f6,0,0,,,blood;brain;intestine;kidney;liver;lung
6f7fd0f1-a2ed-4ff1-80d3-33dde731cbc3,0,0,,,blood;brain;intestine;kidney;liver;lung
6fc37633-13f5-4bf0-af95-52808143bffd,2988,5,brain,normal,blood;brain;intestine;kidney;liver;lung
700aed19-c16e-4ba8-9191-07da098a8626,0,0,,,blood;brain;intestine;kidney;liver;lung
703f00e6-b996-48e5-bc34-00c41b9876f4,0,0,,,blood;brain;intestine;kidney;liver;lung
70e4f35b-c98c-45a1-9aa9-2053b07315dd,0,0,,,blood;brain;intestine;kidney;liver;lung
71513028-e4a0-4c62-a435-16598791690a,0,0,,,blood;brain;intestine;kidney;liver;lung
715327a6-7978-4896-ba91-69d6b04dbbfb,0,0,,,blood;brain;intestine;kidney;liver;lung
716a4acc-919e-4326-9672-ebe06ede84e6,0,0,,,blood;brain;intestine;kidney;liver;lung
71be997d-ff75-41b9-8a9f-1288c865f921,0,0,,,blood;brain;intestine;kidney;liver;lung
7274e79f-30b2-4b4d-bb53-fad600a55aff,0,0,,,blood;brain;intestine;kidney;liver;lung
72822932-10f6-466f-baf3-a2c1d89364bc,0,0,,,blood;brain;intestine;kidney;liver;lung
72955cdb-bd92-4135-aa52-21f33f9640db,0,0,,,blood;brain;intestine;kidney;liver;lung
72f4798d-ba94-48ec-be01-9bb8a1f11f56,0,0,,,blood;brain;intestine;kidney;liver;lung
731e6380-879f-4b0b-9a1f-2150208852ef,0,0,,,blood;brain;intestine;kidney;liver;lung
7357bdd2-e05b-4e87-acd9-e3a26382648b,0,0,,,blood;brain;intestine;kidney;liver;lung
7357cee7-9f7f-4ab0-8cec-90de8f047e38,0,0,,,blood;brain;intestine;kidney;liver;lung
738942eb-ac72-44ff-a64b-8943b5ecd8d9,0,0,,,blood;brain;intestine;kidney;liver;lung
73b7d0aa-035f-4a15-9f1d-f56b70204591,0,0,,,blood;brain;intestine;kidney;liver;lung
74014ef8-d2d0-4cbc-8ba2-037f30753ffd,0,0,,,blood;brain;intestine;kidney;liver;lung
743473de-0563-4809-b69c-872c8d0685e6,0,0,,,blood;brain;intestine;kidney;liver;lung
74520626-b0ba-4ee9-86b5-714649554def,0,0,,,blood;brain;intestine;kidney;liver;lung
74c527f9-80c2-48bc-a262-88bca203a922,0,0,,,blood;brain;intestine;kidney;liver;lung
74cff64f-9da9-4b2a-9b3b-8a04a1598040,10989,12,blood,normal,blood;brain;intestine;kidney;liver;lung
74d584f0-74fc-482e-b944-e76f29c1ab85,0,0,,,blood;brain;intestine;kidney;liver;lung
75011e96-ba37-4977-a539-fbf9f66a5e37,0,0,,,blood;brain;intestine;kidney;liver;lung
75a881cf-5d88-46e2-bf9b-97e5cbc1bd56,0,0,,,blood;brain;intestine;kidney;liver;lung
75e6eee5-d0e3-4291-9360-f288ffe6c7c4,0,0,,,blood;brain;intestine;kidney;liver;lung
76150f40-1989-4977-9e23-696e72d59d9e,0,0,,,blood;brain;intestine;kidney;liver;lung
76347874-8801-44bf-9aea-0da21c78c430,0,0,,,blood;brain;intestine;kidney;liver;lung
763d1d88-b38d-4ab0-b00f-72df816b4b08,0,0,,,blood;brain;intestine;kidney;liver;lung
7674f8f4-7200-4f08-8412-eb114016a66f,0,0,,,blood;brain;intestine;kidney;liver;lung
76af615b-12fe-4ebb-b8c6-239ad29e26e3,11982,6,liver,normal,blood;brain;intestine;kidney;liver;lung
77044335-0ac5-4406-9b3f-8cdd3656d67b,0,0,,,blood;brain;intestine;kidney;liver;lung
771c7f5e-01c9-4faf-ab7f-ee8a7cf9d285,0,0,,,blood;brain;intestine;kidney;liver;lung
773b9b2e-70c8-40be-8cbb-e7b5abab360d,0,0,,,blood;brain;intestine;kidney;liver;lung
774c18c5-efa1-4dc5-9e5e-2c824bab2e34,3589,7,brain,glioblastoma,blood;brain;intestine;kidney;liver;lung
776a1e4a-f141-49bb-9978-d0588a4cee9f,0,0,,,blood;brain;intestine;kidney;liver;lung
77c1c785-809f-4065-8c54-6a0170783256,0,0,,,blood;brain;intestine;kidney;liver;lung
781cc817-3fd0-487c-a55a-b47b2786a05d,9619,5,lung,normal,blood;brain;intestine;kidney;liver;lung
78c62d4e-abf1-405b-bb51-368720814529,0,0,,,blood;brain;intestine;kidney;liver;lung
78f40dd6-ed22-470d-8547-6fb5746c25da,1465,1,brain,normal,blood;brain;intestine;kidney;liver;lung
78fd69d2-75e4-4207-819a-563139f273c6,0,0,,,blood;brain;intestine;kidney;liver;lung
7970bd6b-f752-47a9-8643-2af16855ec49,0,0,,,blood;brain;intestine;kidney;liver;lung
79884ae5-e026-4d4a-858f-e807960bd4f7,4425,10,blood,normal,blood;brain;intestine;kidney;liver;lung
79d485a8-b8b1-49f2-85aa-c44e5206aa53,0,0,,,blood;brain;intestine;kidney;liver;lung
79ef1959-a6b4-4cac-82ca-30feaec48df1,4846,7,blood,COVID-19,blood;brain;intestine;kidney;liver;lung
7a0a8891-9a22-4549-a55b-c2aca23c3a2a,0,0,,,blood;brain;intestine;kidney;liver;lung
7a1d54e5-901d-4280-b77d-b87cf172292d,0,0,,,blood;brain;intestine;kidney;liver;lung
7a419302-772d-4534-bffe-763c95b8c63d,0,0,,,blood;brain;intestine;kidney;liver;lung
7b20c613-9add-43d1-87e9-defd3d9b9f8c,40888,5,brain;kidney,metastatic melanoma;nonpapillary renal cell carcinoma,blood;brain;intestine;kidney;liver;lung
7b316f62-7fa0-4b95-bac9-e90866038a85,0,0,,,blood;brain;intestine;kidney;liver;lung
7b3368a5-c1a0-4973-9e75-d95b4150c7da,0,0,,,blood;brain;intestine;kidney;liver;lung
7b55fe5c-d5c8-48e0-a1a3-54c5b9074f3f,125530,32,lung,COVID-19,blood;brain;intestine;kidney;liver;lung
7b75b2c4-6d99-40be-9a61-391455d859e6,0,0,,,blood;brain;intestine;kidney;liver;lung
7b95971d-05e6-4060-9e52-f7148050bbba,0,0,,,blood;brain;intestine;kidney;liver;lung
7bb64315-9e5a-41b9-9235-59acf9642a3e,0,0,,,blood;brain;intestine;kidney;liver;lung
7be23e52-e357-45d6-861f-31166913104e,0,0,,,blood;brain;intestine;kidney;liver;lung
7c1c3d47-3166-43e5-9a95-65ceb2d45f78,0,0,,,blood;brain;intestine;kidney;liver;lung
7c497c66-c2e2-4291-8b96-339e5e65f314,76298,28,lung,COVID-19,blood;brain;intestine;kidney;liver;lung
7cd3c321-e487-4b51-a8af-9bf671b59fe5,0,0,,,blood;brain;intestine;kidney;liver;lung
7d3ab174-e433-40fc-a352-6fe71b1a19f9,0,0,,,blood;brain;intestine;kidney;liver;lung
7d98cc44-b090-4dc8-804f-2750c84fe9d7,0,0,,,blood;brain;intestine;kidney;liver;lung
7db0c178-b0a4-442f-ba54-e9e1633a84bb,0,0,,,blood;brain;intestine;kidney;liver;lung
7e7f63c5-d964-40be-83de-ecbcccafd233,0,0,,,blood;brain;intestine;kidney;liver;lung
7e9bde96-b4d1-43d3-a5fe-dde6c4a6dc47,0,0,,,blood;brain;intestine;kidney;liver;lung
7f08cbcc-5790-4576-8478-10e9a999b316,0,0,,,blood;brain;intestine;kidney;liver;lung
7f7faf6b-f11d-4f07-bc1c-188a4472748d,134076,29,lung,COVID-19,blood;brain;intestine;kidney;liver;lung
8039c63d-08b0-4fc9-af0f-5b57f08ca0da,0,0,,,blood;brain;intestine;kidney;liver;lung
804d9a85-665b-45c6-b204-13457fdcc7ac,0,0,,,blood;brain;intestine;kidney;liver;lung
8058d760-09e6-4bdd-86a1-36917ffca3ef,0,0,,,blood;brain;intestine;kidney;liver;lung
80767859-6001-4fc7-a8e7-602b1e8bd54d,0,0,,,blood;brain;intestine;kidney;liver;lung
80a2c5b6-02e7-4fc0-9f12-179f5247c1bc,0,0,,,blood;brain;intestine;kidney;liver;lung
80d7111d-f9fe-49fd-871e-6e618312c341,0,0,,,blood;brain;intestine;kidney;liver;lung
810ac45f-8969-4698-b42c-652f802f75c2,0,0,,,blood;brain;intestine;kidney;liver;lung
814f2c97-49e4-4a17-be26-fde3c4c57d1b,0,0,,,blood;brain;intestine;kidney;liver;lung
81c2d711-7fd5-48f0-bc74-57229f3c9554,0,0,,,blood;brain;intestine;kidney;liver;lung
81e91ff8-f619-4ad1-a0c3-b45e1dc63f68,0,0,,,blood;brain;intestine;kidney;liver;lung
81ffdcd6-3f04-40bc-8bb0-9748f4ffe576,0,0,,,blood;brain;intestine;kidney;liver;lung
821a8e3e-87ec-41ee-bd69-cd4377057d38,0,0,,,blood;brain;intestine;kidney;liver;lung
82346769-8733-485e-ab49-f14923d2b5bc,0,0,,,blood;brain;intestine;kidney;liver;lung
829a3cd1-a466-49f1-b2e9-d3f6b7f392e2,11307,1,liver;lung,colorectal cancer,blood;brain;intestine;kidney;liver;lung
82f6af6d-5313-439a-9936-5e844be49a70,0,0,,,blood;brain;intestine;kidney;liver;lung
83b5e943-a1d5-4164-b3f2-f7a37f01b524,0,0,,,blood;brain;intestine;kidney;liver;lung
83d62c7b-3439-47ba-988c-d99e705bda12,0,0,,,blood;brain;intestine;kidney;liver;lung
84230ea4-998d-4aa8-8456-81dd54ce23af,5608,7,blood,COVID-19,blood;brain;intestine;kidney;liver;lung
84242d25-f656-4ca6-8e8d-f3d2beeba11f,0,0,,,blood;brain;intestine;kidney;liver;lung
842c6f5d-4a94-4eef-8510-8c792d1124bc,0,0,,,blood;brain;intestine;kidney;liver;lung
84cfa5aa-a0d1-415e-ac47-eb66c9cf8170,72710,19,liver,intestinal failure–associated liver disease;normal,blood;brain;intestine;kidney;liver;lung
84f1a631-910b-4fbb-9f76-d915a07316d2,0,0,,,blood;brain;intestine;kidney;liver;lung
8560f809-5794-484e-9152-b63efa91d134,0,0,,,blood;brain;intestine;kidney;liver;lung
856c1b98-5727-49da-bf0f-151bdb8cb056,0,0,,,blood;brain;intestine;kidney;liver;lung
85c60876-7f35-40c5-a256-7808d84c6ba5,96129,1,brain,Alzheimer disease;normal,blood;brain;intestine;kidney;liver;lung
8623d55f-d91c-41c2-ae68-ed2072fd268d,0,0,,,blood;brain;intestine;kidney;liver;lung
86282760-5099-4c71-8cdd-412dcbbbd0b9,0,0,,,blood;brain;intestine;kidney;liver;lung
867757c1-3b1a-49d9-a0cd-17767eb160cc,0,0,,,blood;brain;intestine;kidney;liver;lung
873ff933-4fda-4936-9a70-67df11af90ac,0,0,,,blood;brain;intestine;kidney;liver;lung
8775a6c6-b960-43ae-9f76-45c4acda3621,0,0,,,blood;brain;intestine;kidney;liver;lung
87a06a2a-16c6-42f7-af1b-529fad431051,0,0,,,blood;brain;intestine;kidney;liver;lung
881e0e6b-a185-45f1-9b56-81606e91e7ff,0,0,,,blood;brain;intestine;kidney;liver;lung
881fe679-c6e0-45a3-9427-c4e81be6921f,7097,8,blood,COVID-19,blood;brain;intestine;kidney;liver;lung
88a01d4a-5197-45be-b5ae-e019aef43376,0,0,,,blood;brain;intestine;kidney;liver;lung
88c483bf-477d-4be5-90d3-4fb101dd601f,0,0,,,blood;brain;intestine;kidney;liver;lung
894573ad-498f-47ee-9bec-ad0880147eea,0,0,,,blood;brain;intestine;kidney;liver;lung
8a554710-08bc-4005-87cd-da9675bdc2e7,4232,6,blood,COVID-19,blood;brain;intestine;kidney;liver;lung
8a8aedcb-5bb3-453d-a9f0-f37951ae1515,0,0,,,blood;brain;intestine;kidney;liver;lung
8a95341f-f023-4bff-a1d5-52c7003ab65a,0,0,,,blood;brain;intestine;kidney;liver;lung
8a961a54-7e37-41e4-8e7b-463b23146b17,0,0,,,blood;brain;intestine;kidney;liver;lung
8b2e5453-faf7-46ea-9073-aea69b283cb7,0,0,,,blood;brain;intestine;kidney;liver;lung
8b47073c-8a20-4a37-b234-e1889b43991b,0,0,,,blood;brain;intestine;kidney;liver;lung
8ba5453f-7fab-4702-a3a6-4021b1f31a7a,0,0,,,blood;brain;intestine;kidney;liver;lung
8c0a3574-b0ad-4e4f-b5d3-d1a743b00d4a,0,0,,,blood;brain;intestine;kidney;liver;lung
8c42cfd0-0b0a-46d5-910c-fc833d83c45e,65662,46,blood;lung,normal,blood;brain;intestine;kidney;liver;lung
8c6ed88f-11bf-4159-bad7-ff41fb1e1eca,0,0,,,blood;brain;intestine;kidney;liver;lung
8d1dd010-5cbc-43fb-83f8-e0de8e8517da,0,0,,,blood;brain;intestine;kidney;liver;lung
8d73847b-33e7-48f0-837f-e3e6579bf12d,0,0,,,blood;brain;intestine;kidney;liver;lung
8dc29642-be06-46dc-a289-8075915745d4,17962,10,kidney,normal,blood;brain;intestine;kidney;liver;lung
8dc858b0-b076-4326-94bb-7c2d1cd721a3,8556,4,lung,normal,blood;brain;intestine;kidney;liver;lung
8e10f1c4-8e98-41e5-b65f-8cd89a887122,0,0,,,blood;brain;intestine;kidney;liver;lung
8e47ed12-c658-4252-b126-381df8d52a3d,0,0,,,blood;brain;intestine;kidney;liver;lung
8e5978bd-0e48-4a09-a92d-fa2985059f05,0,0,,,blood;brain;intestine;kidney;liver;lung
8e948521-3c3d-4e92-9ff1-3add0e069e41,0,0,,,blood;brain;intestine;kidney;liver;lung
8ef06ea4-8d0f-4303-a652-7d4604402b1f,0,0,,,blood;brain;intestine;kidney;liver;lung
8f10185b-e0b3-46a5-8706-7f1799225d79,0,0,,,blood;brain;intestine;kidney;liver;lung
8f3e7fcf-0b16-4a29-a5f1-a7a8b267d689,0,0,,,blood;brain;intestine;kidney;liver;lung
8f48c031-6692-4c82-b6c2-e4ad35cbc0aa,0,0,,,blood;brain;intestine;kidney;liver;lung
8f4f8502-9170-4ac2-9707-3b6985ebfe5f,0,0,,,blood;brain;intestine;kidney;liver;lung
8faa2c07-0080-4627-b1d7-e645a780d752,0,0,,,blood;brain;intestine;kidney;liver;lung
8fbed309-d3d4-441b-b3ff-e2dcbcec2d35,57918,21,lung,chronic obstructive pulmonary disease;normal,blood;brain;intestine;kidney;liver;lung
8fcf0ccc-67b2-43a3-90be-075f85169bef,0,0,,,blood;brain;intestine;kidney;liver;lung
8ff0cef9-393e-43de-9722-a1e12c239727,7750,10,blood,normal,blood;brain;intestine;kidney;liver;lung
900fdf13-150d-4695-9f8c-4c09105ba2eb,0,0,,,blood;brain;intestine;kidney;liver;lung
9038a71d-81a7-4bc7-82c2-186c26d5c3d6,0,0,,,blood;brain;intestine;kidney;liver;lung
90d4a63b-5c02-43eb-acde-c49345681601,0,0,,,blood;brain;intestine;kidney;liver;lung
91b2327d-e3f3-4f63-b446-20774d20fc33,0,0,,,blood;brain;intestine;kidney;liver;lung
91cc8f50-9c9e-4d9b-84fe-fcd59f852bba,0,0,,,blood;brain;intestine;kidney;liver;lung
92161459-9103-4379-ae34-73a38eee1d1d,0,0,,,blood;brain;intestine;kidney;liver;lung
93091496-be48-4122-b945-9af9c22a7535,28718,1,brain,normal,blood;brain;intestine;kidney;liver;lung
93131426-0124-4ab4-a013-9dfbcd99d467,0,0,,,blood;brain;intestine;kidney;liver;lung
93325b5c-19bb-4481-aeda-738209650945,0,0,,,blood;brain;intestine;kidney;liver;lung
933497dc-7592-4532-9056-b9941547b3ac,0,0,,,blood;brain;intestine;kidney;liver;lung
9372df2d-13d6-4fac-980b-919a5b7eb483,0,0,,,blood;brain;intestine;kidney;liver;lung
939d235c-50bd-41e1-83f5-d056d1aeae47,0,0,,,blood;brain;intestine;kidney;liver;lung
93a3b257-359b-4266-b23f-64875d37a9e3,0,0,,,blood;brain;intestine;kidney;liver;lung
93cb76aa-a84b-4a92-8e6c-66a914e26d4c,0,0,,,blood;brain;intestine;kidney;liver;lung
9434b020-de42-43eb-bcc4-542b2be69015,0,0,,,blood;brain;intestine;kidney;liver;lung
94423ec1-21f8-40e8-b5c9-c3ea82350ca4,0,0,,,blood;brain;intestine;kidney;liver;lung
949573c7-2610-450d-8aaa-d4de4842901c,0,0,,,blood;brain;intestine;kidney;liver;lung
949ec7fc-ac54-47c9-bb6f-ee9e67688cce,0,0,,,blood;brain;intestine;kidney;liver;lung
94c41723-b2c4-4b59-a49a-64c9b851903e,0,0,,,blood;brain;intestine;kidney;liver;lung
95ce06a0-7de9-4ab2-bcd1-a6625f55e7e3,0,0,,,blood;brain;intestine;kidney;liver;lung
95d3b0fb-b8a7-4bec-a2e8-cded3222ff07,0,0,,,blood;brain;intestine;kidney;liver;lung
960ecd06-e7c2-463d-9a5b-6832994376c6,0,0,,,blood;brain;intestine;kidney;liver;lung
9613ef7c-dec7-4d68-acbe-1ffa7f57fde5,0,0,,,blood;brain;intestine;kidney;liver;lung
963a08cb-d995-4862-9614-f9d38a7d7540,0,0,,,blood;brain;intestine;kidney;liver;lung
965386e9-1e4f-466d-bf59-ebdca4b66b9b,0,0,,,blood;brain;intestine;kidney;liver;lung
968885c5-b652-48d9-9006-c34b5fc1c07a,0,0,,,blood;brain;intestine;kidney;liver;lung
96a3f64b-0ee9-40d8-91e9-813ce38261c9,0,0,,,blood;brain;intestine;kidney;liver;lung
96baf2e0-60c5-48cf-b1d1-cba657851507,0,0,,,blood;brain;intestine;kidney;liver;lung
975e13b6-bec1-4eed-b46a-9be1f1357373,0,0,,,blood;brain;intestine;kidney;liver;lung
975fd2d3-1982-47a1-9ef7-8cde3345f219,0,0,,,blood;brain;intestine;kidney;liver;lung
978a566a-dc27-478d-b306-26daba116c1f,0,0,,,blood;brain;intestine;kidney;liver;lung
97a17473-e2b1-4f31-a544-44a60773e2dd,0,0,,,blood;brain;intestine;kidney;liver;lung
97d9238c-1a39-4873-b0bb-963ec2d788e6,0,0,,,blood;brain;intestine;kidney;liver;lung
98113e7e-f586-4065-a26a-60aa702f8d1c,0,0,,,blood;brain;intestine;kidney;liver;lung
9813a1d4-d107-459e-9b2e-7687be935f69,23197,1,brain,Alzheimer disease;normal,blood;brain;intestine;kidney;liver;lung
98219f72-0f9a-4de9-a859-c81834f24ab1,0,0,,,blood;brain;intestine;kidney;liver;lung
983d5ec9-40e8-4512-9e65-a572a9c486cb,0,0,,,blood;brain;intestine;kidney;liver;lung
98f5d518-1e60-4307-b732-ab045cd3cbc2,0,0,,,blood;brain;intestine;kidney;liver;lung
9940f951-3dc0-4579-bbb2-2392786e59a3,0,0,,,blood;brain;intestine;kidney;liver;lung
9968be68-ab65-4a38-9e1a-c9b6abece194,51984,20,liver;lung,normal,blood;brain;intestine;kidney;liver;lung
99950e99-2758-41d2-b2c9-643edcdf6d82,0,0,,,blood;brain;intestine;kidney;liver;lung
99e317c0-1fab-4f73-b511-859e752fd1c3,0,0,,,blood;brain;intestine;kidney;liver;lung
99efb290-fbe3-4739-909d-859e058f54aa,0,0,,,blood;brain;intestine;kidney;liver;lung
9a281de7-cee5-4e80-8584-1929f46f152f,0,0,,,blood;brain;intestine;kidney;liver;lung
9a64bf99-ebe5-4276-93a8-bee9dff1cd47,0,0,,,blood;brain;intestine;kidney;liver;lung
9a7c80a5-c81a-4c94-8fc8-2517dfb8c9c3,0,0,,,blood;brain;intestine;kidney;liver;lung
9aef5aa0-03b0-4d74-a7b3-64b80184ea1d,0,0,,,blood;brain;intestine;kidney;liver;lung
9b188f26-c8e1-4a78-af15-622a35a371fc,0,0,,,blood;brain;intestine;kidney;liver;lung
9b686bb6-1427-4e13-b451-7ee961115cf9,0,0,,,blood;brain;intestine;kidney;liver;lung
9ba03780-4b13-44bc-a7d3-ce532ea0a856,0,0,,,blood;brain;intestine;kidney;liver;lung
9bf9dd7d-e23e-49ee-95cc-11df3bd61769,0,0,,,blood;brain;intestine;kidney;liver;lung
9c1b5626-58df-4401-ae7b-f66d068c1551,7750,10,blood,normal,blood;brain;intestine;kidney;liver;lung
9c235282-2b6f-4f74-8f16-7d3ac1b51371,0,0,,,blood;brain;intestine;kidney;liver;lung
9c63201d-bfd9-41a8-bbbc-18d947556f3d,0,0,,,blood;brain;intestine;kidney;liver;lung
9cfee1e6-b24f-433d-a269-f01841655d6a,0,0,,,blood;brain;intestine;kidney;liver;lung
9d584fcb-a28a-4b91-a886-ceb66a88ef81,0,0,,,blood;brain;intestine;kidney;liver;lung
9d5df009-eb76-43a3-b6cd-22017cc53700,0,0,,,blood;brain;intestine;kidney;liver;lung
9d8e5dca-03a3-457d-b7fb-844c75735c83,0,0,,,blood;brain;intestine;kidney;liver;lung
9dbab10c-118d-496b-966a-67f1763a6b7d,1406627,16,blood;lung,COVID-19;normal,blood;brain;intestine;kidney;liver;lung
9ddea8d9-cc4c-420a-90f6-880996f808d4,0,0,,,blood;brain;intestine;kidney;liver;lung
9df60c57-fdf3-4e93-828e-fe9303f20438,0,0,,,blood;brain;intestine;kidney;liver;lung
9ea52f85-a35e-4b5b-9207-e2f1de7dbbcd,35171,1,brain,normal,blood;brain;intestine;kidney;liver;lung
9ea768a2-87ab-46b6-a73d-c4e915f25af3,40268,29,kidney,normal,blood;brain;intestine;kidney;liver;lung
9ec335f2-420a-45a8-b45a-1ab646e50041,0,0,,,blood;brain;intestine;kidney;liver;lung
9ec34295-ab16-47e2-af33-b884143e520b,0,0,,,blood;brain;intestine;kidney;liver;lung
9f049476-2431-4645-a2d6-f6e85892b603,0,0,,,blood;brain;intestine;kidney;liver;lung
9f1049ac-f8b7-45ad-8e31-6e96c3e5058f,0,0,,,blood;brain;intestine;kidney;liver;lung
9f1a899f-05a0-44c5-8aa9-39df61ae4324,0,0,,,blood;brain;intestine;kidney;liver;lung
9f222629-9e39-47d0-b83f-e08d610c7479,1412883,51,lung,COVID-19;chronic obstructive pulmonary disease;cystic fibrosis;hypersensitivity pneumonitis;interstitial lung disease;lung adenocarcinoma;lung large cell carcinoma;lymphangioleiomyomatosis;non-specific interstitial pneumonia;normal;pleomorphic carcinoma;pneumonia;pulmonary fibrosis;pulmonary sarcoidosis;squamous cell lung carcinoma,blood;brain;intestine;kidney;liver;lung
9f499d32-400d-4c42-ac9a-fb1481844fee,0,0,,,blood;brain;intestine;kidney;liver;lung
9f984b44-9c72-4aa3-b8c5-65823071c3d6,0,0,,,blood;brain;intestine;kidney;liver;lung
9fcb0b73-c734-40a5-be9c-ace7eea401c9,0,0,,,blood;brain;intestine;kidney;liver;lung
9fddb063-056d-4202-8b8a-4b0ee531d3ce,0,0,,,blood;brain;intestine;kidney;liver;lung
9ff99bf8-2524-4ab5-ab6e-4bc218e4a449,0,0,,,blood;brain;intestine;kidney;liver;lung
9ff9f9ba-016b-4cbb-8899-45dc20860b8b,0,0,,,blood;brain;intestine;kidney;liver;lung
a0754256-f44b-4c4a-962c-a552e47d3fdc,0,0,,,blood;brain;intestine;kidney;liver;lung
a0d173dd-bb10-4d13-8b9a-e13a4ee83c8c,0,0,,,blood;brain;intestine;kidney;liver;lung
a12ccb9b-4fbe-457d-8590-ac78053259ef,0,0,,,blood;brain;intestine;kidney;liver;lung
a190b2e9-3796-4785-9a2f-013e2a9a43e6,0,0,,,blood;brain;intestine;kidney;liver;lung
a19438aa-ef9a-4e9b-abb6-5a1357123bb8,0,0,,,blood;brain;intestine;kidney;liver;lung
a199ca73-035d-44e2-9893-4c493151db21,105827,16,blood,juvenile dermatomyositis;normal,blood;brain;intestine;kidney;liver;lung
a19b218b-1c0a-4618-b41f-7c216c623ec6,0,0,,,blood;brain;intestine;kidney;liver;lung
a19d1667-a7b5-4556-9e5f-f9bfa690c0f1,0,0,,,blood;brain;intestine;kidney;liver;lung
a1b9c51e-a408-4f7f-bccb-abefe20ae2a5,16245,6,brain,Alzheimer disease;temporal lobe epilepsy,blood;brain;intestine;kidney;liver;lung
a20e2f2a-e171-450a-8ddc-8935c2977ad6,0,0,,,blood;brain;intestine;kidney;liver;lung
a22a3aeb-5e68-4084-8a45-94b42015adf8,0,0,,,blood;brain;intestine;kidney;liver;lung
a24ce10f-5a87-4e1f-a34a-f4fe5fc84052,0,0,,,blood;brain;intestine;kidney;liver;lung
a24ecf77-c059-4dc5-8ca4-3b89d667b7f8,0,0,,,blood;brain;intestine;kidney;liver;lung
a2c833f7-b7f1-4f4d-ad31-cae478b601b7,0,0,,,blood;brain;intestine;kidney;liver;lung
a2d4d33e-4c62-4361-b80a-9be53d2e50e8,0,0,,,blood;brain;intestine;kidney;liver;lung
a30db232-08a6-48f0-ab9f-ad6977b8a6b1,8213,1,brain,normal,blood;brain;intestine;kidney;liver;lung
a357414d-2042-4eb5-95f0-c58604a18bdd,0,0,,,blood;brain;intestine;kidney;liver;lung
a37f857c-779f-464e-9310-3db43a1811e7,0,0,,,blood;brain;intestine;kidney;liver;lung
a4116666-d295-4443-a174-0acc283f92c4,0,0,,,blood;brain;intestine;kidney;liver;lung
a41202e6-173c-477c-8b4d-e0688ee1c4cb,0,0,,,blood;brain;intestine;kidney;liver;lung
a4157949-6f2a-40e2-b960-63f6e2bde918,0,0,,,blood;brain;intestine;kidney;liver;lung
a43aa46b-bd16-47fe-bc3e-19a052624e79,0,0,,,blood;brain;intestine;kidney;liver;lung
a49167b8-fe43-4b8f-ac37-d9c2af16f116,0,0,,,blood;brain;intestine;kidney;liver;lung
a49d9109-1d0c-4b36-8139-19aa9a83428c,0,0,,,blood;brain;intestine;kidney;liver;lung
a4e89c26-e8d4-4471-9b06-16a1405880f0,0,0,,,blood;brain;intestine;kidney;liver;lung
a51c6ece-5731-4128-8c1e-5060e80c69e4,0,0,,,blood;brain;intestine;kidney;liver;lung
a56f1a6b-071c-4780-9832-33ca9b8fb391,0,0,,,blood;brain;intestine;kidney;liver;lung
a59ba9fa-1407-4f15-8c56-d3637421570d,0,0,,,blood;brain;intestine;kidney;liver;lung
a5b5d1f3-dd8b-44f6-a685-15f0f741c062,0,0,,,blood;brain;intestine;kidney;liver;lung
a5d5c529-8a1f-40b5-bda3-35208970070d,0,0,,,blood;brain;intestine;kidney;liver;lung
a5d95a42-0137-496f-8a60-101e17f263c8,1324,3,blood,common variable immunodeficiency;normal,blood;brain;intestine;kidney;liver;lung
a6388a6f-6076-401b-9b30-7d4306a20035,0,0,,,blood;brain;intestine;kidney;liver;lung
a65bcc2d-4243-44c1-a262-ab7dcddfcf86,0,0,,,blood;brain;intestine;kidney;liver;lung
a6858c10-c52a-4a1d-bc12-a90dbd51ca66,0,0,,,blood;brain;intestine;kidney;liver;lung
a68b64d8-aee3-4947-81b7-36b8fe5a44d2,0,0,,,blood;brain;intestine;kidney;liver;lung
a6c0143c-11f7-4a54-8710-6b427b78873a,0,0,,,blood;brain;intestine;kidney;liver;lung
a77176ec-96c8-4448-a3e7-b56940bdfab6,0,0,,,blood;brain;intestine;kidney;liver;lung
a7b4f565-691d-43ea-bf4a-d2d1d52bb4b4,0,0,,,blood;brain;intestine;kidney;liver;lung
a82c43bb-a703-446d-aa24-049bf013121f,7750,10,blood,normal,blood;brain;intestine;kidney;liver;lung
a84face4-eb30-4f43-994f-c6a13a097808,0,0,,,blood;brain;intestine;kidney;liver;lung
a9bedd04-51cb-42ad-83fe-cd749de71f1b,0,0,,,blood;brain;intestine;kidney;liver;lung
a9c78d49-06c2-4195-97e0-33fe6dcb54a1,0,0,,,blood;brain;intestine;kidney;liver;lung
aa32098f-f7b0-43f2-a00a-601d190aae94,2596111,38,blood,cytomegalovirus infection,blood;brain;intestine;kidney;liver;lung
aa369999-a034-4ad9-b459-8a93c86ea77b,0,0,,,blood;brain;intestine;kidney;liver;lung
aa633105-e8e5-4dcc-b72d-6da6c191b3e9,0,0,,,blood;brain;intestine;kidney;liver;lung
aad97cb5-f375-45ef-ae9d-178e7f5d5180,0,0,,,blood;brain;intestine;kidney;liver;lung
ab326369-b63c-48d8-8a7f-82ffa0df7002,0,0,,,blood;brain;intestine;kidney;liver;lung
ab5b2256-b209-48b5-a801-c5d9a8c0de56,0,0,,,blood;brain;intestine;kidney;liver;lung
ac0c6561-7a48-4185-af6f-af799f699172,0,0,,,blood;brain;intestine;kidney;liver;lung
ac0fee7e-0999-4319-b244-20278e1ff2fb,0,0,,,blood;brain;intestine;kidney;liver;lung
ac2fea99-ce08-4fca-8d03-a19f37bf21a3,0,0,,,blood;brain;intestine;kidney;liver;lung
ac7a65ad-b918-4e3e-a216-7824cc23638e,0,0,,,blood;brain;intestine;kidney;liver;lung
acae7679-d077-461c-b857-ee6ccfeb267f,0,0,,,blood;brain;intestine;kidney;liver;lung
acd544d0-4d8b-46c7-98b3-fc48f7e6fdb7,0,0,,,blood;brain;intestine;kidney;liver;lung
acf818eb-f6d2-42b9-bb1d-475aa9cff2bb,0,0,,,blood;brain;intestine;kidney;liver;lung
adda0684-f8ea-4403-b393-2a25607077c4,0,0,,,blood;brain;intestine;kidney;liver;lung
ae29ebd0-1973-40a4-a6af-d15a5f77a80f,0,0,,,blood;brain;intestine;kidney;liver;lung
ae45e70d-cae7-45f5-8ee8-6655f208273c,0,0,,,blood;brain;intestine;kidney;liver;lung
ae4f8ddd-cac9-4172-9681-2175da462f2e,457965,10,brain,normal,blood;brain;intestine;kidney;liver;lung
ae5341b8-60fb-4fac-86db-86e49ee66287,0,0,,,blood;brain;intestine;kidney;liver;lung
aecc2743-4ff2-4b55-ac8c-a1ff76fc4bb4,0,0,,,blood;brain;intestine;kidney;liver;lung
af33f944-ab2f-4b80-a17e-49c13e03b01d,0,0,,,blood;brain;intestine;kidney;liver;lung
af8b241a-c72c-4470-b1a4-80e7336c6ab6,0,0,,,blood;brain;intestine;kidney;liver;lung
afae4675-434d-4e89-b5ce-2854c9dc38a3,0,0,,,blood;brain;intestine;kidney;liver;lung
b03e4ef8-4e6b-47f4-84a7-e8ed033d08cd,0,0,,,blood;brain;intestine;kidney;liver;lung
b07e5164-baf6-43d2-bdba-5a249d0da879,0,0,,,blood;brain;intestine;kidney;liver;lung
b07fb54c-d7ad-4995-8bb0-8f3d8611cabe,0,0,,,blood;brain;intestine;kidney;liver;lung
b0e547f0-462b-4f81-b31b-5b0a5d96f537,10282,28,blood,normal,blood;brain;intestine;kidney;liver;lung
b15ec84b-46e9-4678-b511-a0f81f9b545b,0,0,,,blood;brain;intestine;kidney;liver;lung
b165f033-9dec-468a-9248-802fc6902a74,0,0,,,blood;brain;intestine;kidney;liver;lung
b1d37bbd-9ae4-4404-b2f9-f2fe66750e4e,0,0,,,blood;brain;intestine;kidney;liver;lung
b252b015-b488-4d5c-b16e-968c13e48a2c,85134,9,intestine;liver,malignant ovarian serous tumor,blood;brain;intestine;kidney;liver;lung
b25f3834-69b3-4d87-a272-3938432d1f30,0,0,,,blood;brain;intestine;kidney;liver;lung
b2dda353-0c96-42df-8dcd-1ea7429a6feb,4462,17,brain,normal,blood;brain;intestine;kidney;liver;lung
b347446f-2e38-4248-96fb-39acc50f2112,0,0,,,blood;brain;intestine;kidney;liver;lung
b3a5a10f-b1cb-4e8e-abce-bf345448625b,0,0,,,blood;brain;intestine;kidney;liver;lung
b3be4624-0723-4f1d-846c-d31025da3718,0,0,,,blood;brain;intestine;kidney;liver;lung
b3c9904b-2ffd-4038-8620-ee1c5b072e9c,0,0,,,blood;brain;intestine;kidney;liver;lung
b3d060c6-bbd7-4db0-9ef7-9df42475875a,0,0,,,blood;brain;intestine;kidney;liver;lung
b410249d-3a76-49b2-9f6f-7dede0481af6,0,0,,,blood;brain;intestine;kidney;liver;lung
b46237d1-19c6-4af2-9335-9854634bad16,0,0,,,blood;brain;intestine;kidney;liver;lung
b47cf863-d90d-4fe5-a1eb-1a4785a3e329,0,0,,,blood;brain;intestine;kidney;liver;lung
b4f2c50e-080f-4d37-aa21-911d2273b0da,0,0,,,blood;brain;intestine;kidney;liver;lung
b550fd94-97e0-42e2-90f7-7434781ea2f8,9515,7,liver,normal,blood;brain;intestine;kidney;liver;lung
b617ee1b-f8c8-4de9-b82b-e803ab93550d,71333,11,blood;liver;lung,liver cancer;lung cancer;normal,blood;brain;intestine;kidney;liver;lung
b61a921b-7fa3-4b42-b455-aaaf32447920,21144,43,lung,normal,blood;brain;intestine;kidney;liver;lung
b6203114-e133-458a-aed5-eed1028378b4,0,0,,,blood;brain;intestine;kidney;liver;lung
b62f728b-a7eb-4889-8162-b3d457de93b9,0,0,,,blood;brain;intestine;kidney;liver;lung
b693123e-95e6-4331-8b50-f367489a767e,0,0,,,blood;brain;intestine;kidney;liver;lung
b6b5ea88-e092-46e4-b9c5-e93b52d5c195,0,0,,,blood;brain;intestine;kidney;liver;lung
b6e502d7-0d07-408e-a291-91b63af0a40a,3934,1,brain,normal,blood;brain;intestine;kidney;liver;lung
b6ee0939-b5b9-4e03-9d69-96fb6bf5d434,0,0,,,blood;brain;intestine;kidney;liver;lung
b74100ea-1a1a-486a-9cad-70ae44150935,0,0,,,blood;brain;intestine;kidney;liver;lung
b7efc0ba-9136-4f3f-adb2-d07849e59a3d,0,0,,,blood;brain;intestine;kidney;liver;lung
b806712d-18b0-454c-a0fe-9909159e07c7,0,0,,,blood;brain;intestine;kidney;liver;lung
b8681124-aabf-4904-b9c9-66d834bf5bba,0,0,,,blood;brain;intestine;kidney;liver;lung
b8920ef5-7d22-497b-abca-a7a9eb76d79a,0,0,,,blood;brain;intestine;kidney;liver;lung
b89f6f68-c599-4850-a570-5f1992dbb5ad,0,0,,,blood;brain;intestine;kidney;liver;lung
b90d4a42-714c-4590-b548-6e75e6c081e8,0,0,,,blood;brain;intestine;kidney;liver;lung
b94e3bdf-a385-49cc-b312-7a63cc28b77a,0,0,,,blood;brain;intestine;kidney;liver;lung
bab7432a-5cfe-45ea-928c-422d03c45cdd,0,0,,,blood;brain;intestine;kidney;liver;lung
babbf9f3-f482-45a5-ba76-c41f4c2f503e,0,0,,,blood;brain;intestine;kidney;liver;lung
bac09168-940b-4b11-8d55-b4955f80b98d,0,0,,,blood;brain;intestine;kidney;liver;lung
bad6524a-f122-4e9f-927c-cc7776674d5e,0,0,,,blood;brain;intestine;kidney;liver;lung
bb0818d3-474e-44f4-a82a-169f3c62c94c,0,0,,,blood;brain;intestine;kidney;liver;lung
bb78adbb-1428-4468-bad0-63602bb974e9,0,0,,,blood;brain;intestine;kidney;liver;lung
bbd16004-09e8-4b6c-b465-73ff83a52837,0,0,,,blood;brain;intestine;kidney;liver;lung
bc260987-8ee5-4b6e-8773-72805166b3f7,0,0,,,blood;brain;intestine;kidney;liver;lung
bc2a7b3d-f04e-477e-96c9-9d5367d5425c,0,0,,,blood;brain;intestine;kidney;liver;lung
bc7260e0-54cf-4b0b-823d-93f5b850f757,0,0,,,blood;brain;intestine;kidney;liver;lung
bd3e3487-c1e6-4298-b9de-8bdcf3f938d7,0,0,,,blood;brain;intestine;kidney;liver;lung
bd65a70f-b274-4133-b9dd-0d1431b6af34,163448,18,blood;kidney,clear cell renal carcinoma,blood;brain;intestine;kidney;liver;lung
bd6b68e8-179a-42f0-9bde-b4fdf7d34dd1,0,0,,,blood;brain;intestine;kidney;liver;lung
bdacc907-7c26-419f-8808-969eab3ca2e8,0,0,,,blood;brain;intestine;kidney;liver;lung
bdb26abd-f4ba-4ea3-8862-c2340e7a4f55,0,0,,,blood;brain;intestine;kidney;liver;lung
bdc7e498-c27d-4156-a342-8653e87001fb,0,0,,,blood;brain;intestine;kidney;liver;lung
bdd109f1-ca27-45dc-bb9f-473008449428,0,0,,,blood;brain;intestine;kidney;liver;lung
bdf69f8d-5a96-4d6f-a9f5-9ee0e33597b7,0,0,,,blood;brain;intestine;kidney;liver;lung
be35c935-ee4f-475c-9d3c-97630d59a735,0,0,,,blood;brain;intestine;kidney;liver;lung
be39785b-67cb-4177-be19-a40ee3747e45,20509,9,kidney,clear cell renal carcinoma,blood;brain;intestine;kidney;liver;lung
be401db3-d732-408a-b0c4-71af0458b8ab,0,0,,,blood;brain;intestine;kidney;liver;lung
be41a86a-b606-4b1c-8055-32f334898775,0,0,,,blood;brain;intestine;kidney;liver;lung
be884a28-0eac-4eca-9c23-1294a93cf56e,0,0,,,blood;brain;intestine;kidney;liver;lung
bf176af2-4432-4391-9b35-e21bd86ca4f8,0,0,,,blood;brain;intestine;kidney;liver;lung
bfbd9097-65a2-4019-aff3-f875aca51952,0,0,,,blood;brain;intestine;kidney;liver;lung
bfd542a3-919c-4216-a314-322f2520d46c,0,0,,,blood;brain;intestine;kidney;liver;lung
c05e6940-729c-47bd-a2a6-6ce3730c4919,0,0,,,blood;brain;intestine;kidney;liver;lung
c05fb583-eb2f-4e3a-8e74-f9bd6414e418,0,0,,,blood;brain;intestine;kidney;liver;lung
c0fb0d06-225b-4611-b802-d2f34b438a29,7750,10,blood,normal,blood;brain;intestine;kidney;liver;lung
c19275f5-739e-4796-ad5d-b0830b760db1,0,0,,,blood;brain;intestine;kidney;liver;lung
c202b243-1aa1-4b16-bc9a-b36241f3b1e3,0,0,,,blood;brain;intestine;kidney;liver;lung
c2876b1b-06d8-4d96-a56b-5304f815b99a,0,0,,,blood;brain;intestine;kidney;liver;lung
c2a461b1-0c15-4047-9fcb-1f966fe55100,97499,26,blood,COVID-19,blood;brain;intestine;kidney;liver;lung
c2aad8fc-b63b-4f9b-9cfd-baf7bc9c1771,0,0,,,blood;brain;intestine;kidney;liver;lung
c3431f48-81bd-4d7b-9045-e43be7645883,0,0,,,blood;brain;intestine;kidney;liver;lung
c35a95de-e54c-46c0-855f-984f21163279,0,0,,,blood;brain;intestine;kidney;liver;lung
c3aa4f95-7a18-4a7d-8dd8-ca324d714363,0,0,,,blood;brain;intestine;kidney;liver;lung
c3d381b2-3104-444e-8ad5-d3524407bbb6,0,0,,,blood;brain;intestine;kidney;liver;lung
c3fe3c1e-5bf8-4678-b74a-79899243ad41,0,0,,,blood;brain;intestine;kidney;liver;lung
c42c8ad3-9761-49e5-b9bf-ee8ebd50416f,0,0,,,blood;brain;intestine;kidney;liver;lung
c4b03352-af8d-492a-8d6b-40f304e0a122,0,0,,,blood;brain;intestine;kidney;liver;lung
c4dd26a8-d956-4bee-a233-44b573f2ce27,0,0,,,blood;brain;intestine;kidney;liver;lung
c52de62a-058d-4d78-a464-bdf552378f43,0,0,,,blood;brain;intestine;kidney;liver;lung
c54c9659-1b6b-4d4a-96f0-7dc987410f2d,7750,10,blood,normal,blood;brain;intestine;kidney;liver;lung
c5cfa2b7-abb1-4a50-908f-707b54ca606b,0,0,,,blood;brain;intestine;kidney;liver;lung
c5d88abe-f23a-45fa-a534-788985e93dad,0,0,,,blood;brain;intestine;kidney;liver;lung
c6413315-7158-46c5-a5fd-7228385694f1,0,0,,,blood;brain;intestine;kidney;liver;lung
c76098ba-eed3-45b1-98f2-96fcac55ed18,0,0,,,blood;brain;intestine;kidney;liver;lung
c7775e88-49bf-4ba2-a03b-93f00447c958,647366,46,blood,COVID-19;normal;respiratory system disorder,blood;brain;intestine;kidney;liver;lung
c7856243-c59a-4b70-8ce7-25b94c2d9da1,0,0,,,blood;brain;intestine;kidney;liver;lung
c7d0def0-2dcd-4111-902b-67e6baeac119,0,0,,,blood;brain;intestine;kidney;liver;lung
c838aec3-03ef-4398-b882-0e3912abfff0,1265624,32,blood,normal,blood;brain;intestine;kidney;liver;lung
c874f155-9bf9-4928-b821-f52c876b3e48,4603,8,blood,COVID-19,blood;brain;intestine;kidney;liver;lung
c888b684-6c51-431f-972a-6c963044cef0,0,0,,,blood;brain;intestine;kidney;liver;lung
c893ddc3-f25b-45e2-8c9e-155918b4261c,0,0,,,blood;brain;intestine;kidney;liver;lung
c8d40d53-387b-48f2-9f89-72bfdb9c7c9f,0,0,,,blood;brain;intestine;kidney;liver;lung
c8f83821-a242-4ed7-86e9-7da077f5d348,0,0,,,blood;brain;intestine;kidney;liver;lung
ca20e2ac-5676-4158-b5d0-0c2b15898b19,0,0,,,blood;brain;intestine;kidney;liver;lung
ca46ffe6-0a26-4d8d-82fa-81722daf1102,0,0,,,blood;brain;intestine;kidney;liver;lung
cab0bc48-744c-461b-aaf4-7bf2cb7af00d,5080,7,blood,COVID-19,blood;brain;intestine;kidney;liver;lung
cac02b79-9f54-4668-9235-60d3b76a4197,0,0,,,blood;brain;intestine;kidney;liver;lung
caf8670f-e647-4f0c-bfba-163aa84ce602,0,0,,,blood;brain;intestine;kidney;liver;lung
cb252df6-6e49-4553-abd1-495a00006fb1,0,0,,,blood;brain;intestine;kidney;liver;lung
cbd3d76b-eec6-42e5-a8fb-71dc825e2a74,0,0,,,blood;brain;intestine;kidney;liver;lung
cbec7853-d996-4493-bbf8-5d82857a4e51,0,0,,,blood;brain;intestine;kidney;liver;lung
cc47b200-9c67-452f-990c-f84d3b33b990,0,0,,,blood;brain;intestine;kidney;liver;lung
ccfdcad0-7104-46b9-addf-fd66a2a15907,0,0,,,blood;brain;intestine;kidney;liver;lung
cd2f23c1-aef1-48ae-8eb4-0bcf124e567d,0,0,,,blood;brain;intestine;kidney;liver;lung
cd4c96bb-ad66-4e83-ba9e-a7df8790eb12,0,0,,,blood;brain;intestine;kidney;liver;lung
cd6398a9-c0af-4467-9091-c536866535bd,0,0,,,blood;brain;intestine;kidney;liver;lung
cd77258f-b08b-4c89-b93f-6e6f146b1a4d,0,0,,,blood;brain;intestine;kidney;liver;lung
cda2c8cd-be1c-42e5-b2cd-162caa1c4ce7,0,0,,,blood;brain;intestine;kidney;liver;lung
cda48edf-331d-4ada-96ea-104ccb3147dd,0,0,,,blood;brain;intestine;kidney;liver;lung
cdefb878-7f00-4b9d-9eda-b3652cfac0c8,0,0,,,blood;brain;intestine;kidney;liver;lung
ce009dc1-ac57-4386-b72f-5c575701c253,0,0,,,blood;brain;intestine;kidney;liver;lung
ce5132bd-7600-4299-bb2c-2b00d409170f,0,0,,,blood;brain;intestine;kidney;liver;lung
cec9f9a5-8832-437d-99af-fb8237cde54b,0,0,,,blood;brain;intestine;kidney;liver;lung
cee11228-9f0b-4e57-afe2-cfe15ee56312,0,0,,,blood;brain;intestine;kidney;liver;lung
cee9b331-3ba0-4461-8bbd-867819d9fc0a,7750,10,blood,normal,blood;brain;intestine;kidney;liver;lung
cf83c98a-3791-4537-bbde-a719f6d73c13,128588,17,blood,B-cell acute lymphoblastic leukemia,blood;brain;intestine;kidney;liver;lung
cfa3c355-ee77-4fc8-9a00-78e61d23024c,0,0,,,blood;brain;intestine;kidney;liver;lung
cfa755c1-48c5-4336-94f4-aa95eca4fbd5,0,0,,,blood;brain;intestine;kidney;liver;lung
cfcec0ab-909c-4334-9683-b275e0b4dcc0,0,0,,,blood;brain;intestine;kidney;liver;lung
cff99df2-4904-44f7-9173-ff837f95606e,0,0,,,blood;brain;intestine;kidney;liver;lung
d01c9dff-abd1-4825-bf30-2eb2ba74597e,0,0,,,blood;brain;intestine;kidney;liver;lung
d02287f3-408b-438d-9131-999e460cbd0e,0,0,,,blood;brain;intestine;kidney;liver;lung
d0c12af4-c0e4-4c7b-873a-70752b449689,0,0,,,blood;brain;intestine;kidney;liver;lung
d0ea3ec4-0f3b-4649-9146-1c0b5f303a55,0,0,,,blood;brain;intestine;kidney;liver;lung
d1207c81-7309-43a7-a5a0-f4283670b62b,0,0,,,blood;brain;intestine;kidney;liver;lung
d18736c3-6292-4379-919a-d6d973204c87,108717,15,blood,normal;rheumatoid arthritis,blood;brain;intestine;kidney;liver;lung
d1cbed97-d88f-4954-8925-13302fe30b39,0,0,,,blood;brain;intestine;kidney;liver;lung
d224c8e0-c28e-4360-9e42-b3977cd83f9f,0,0,,,blood;brain;intestine;kidney;liver;lung
d2514440-d747-4d8d-b2c7-b58ef8b71fbe,0,0,,,blood;brain;intestine;kidney;liver;lung
d288b10a-643e-44bd-b451-96e9588b2ee5,0,0,,,blood;brain;intestine;kidney;liver;lung
d2b5efc1-14c6-4b5f-bd98-40f9084872d7,0,0,,,blood;brain;intestine;kidney;liver;lung
d2bc2703-a9b5-4949-b85d-61da7b9961b1,0,0,,,blood;brain;intestine;kidney;liver;lung
d2fc9880-e6d3-4922-af5c-61f4f517adfa,0,0,,,blood;brain;intestine;kidney;liver;lung
d319af7f-be2e-441e-8caa-3b8a88480e89,0,0,,,blood;brain;intestine;kidney;liver;lung
d3566d6a-a455-4a15-980f-45eb29114cab,7145,30,blood,normal,blood;brain;intestine;kidney;liver;lung
d3a83885-5198-4b04-8314-b753b66ef9a8,0,0,,,blood;brain;intestine;kidney;liver;lung
d3cb449b-c2b1-4b50-a7f1-21203535fe61,0,0,,,blood;brain;intestine;kidney;liver;lung
d3d4baff-d142-4f13-acc6-96a4ef6a3e95,0,0,,,blood;brain;intestine;kidney;liver;lung
d41f45c1-1b7b-4573-a998-ac5c5acb1647,82991,8,lung,lung adenocarcinoma,blood;brain;intestine;kidney;liver;lung
d42cadbf-b907-49dc-9565-fedba8fccedc,0,0,,,blood;brain;intestine;kidney;liver;lung
d45aca3a-ddb8-4185-a462-eff1e0c7af2e,0,0,,,blood;brain;intestine;kidney;liver;lung
d4cfefa0-3a35-44eb-b848-d7a725b481e7,0,0,,,blood;brain;intestine;kidney;liver;lung
d4e69e01-3ba2-4d6b-a15d-e7048f78f22e,0,0,,,blood;brain;intestine;kidney;liver;lung
d5452b83-7c3d-4d7c-ab7a-c7fece7196c5,0,0,,,blood;brain;intestine;kidney;liver;lung
d567b692-c374-4628-a508-8008f6778f22,0,0,,,blood;brain;intestine;kidney;liver;lung
d582f63a-3c88-4e38-8cd3-8682dbe40f64,0,0,,,blood;brain;intestine;kidney;liver;lung
d5a2d011-3765-4dad-ac36-3fff087589fe,8093,1,brain,normal,blood;brain;intestine;kidney;liver;lung
d5c67a4e-a8d9-456d-a273-fa01adb1b308,0,0,,,blood;brain;intestine;kidney;liver;lung
d6505c89-c43d-4c28-8c4f-7351a5fd5528,0,0,,,blood;brain;intestine;kidney;liver;lung
d661aeb3-5bf7-497d-832f-2399a1ef9b63,0,0,,,blood;brain;intestine;kidney;liver;lung
d68a8b48-abf0-4bd5-8834-155d34ec448a,0,0,,,blood;brain;intestine;kidney;liver;lung
d6a5b240-cc8f-45c1-ad36-2fc291e15e8e,0,0,,,blood;brain;intestine;kidney;liver;lung
d6dfdef1-406d-4efb-808c-3c5eddbfe0cb,7443,9,intestine,colon sessile serrated adenoma/polyp;normal;tubular adenoma,blood;brain;intestine;kidney;liver;lung
d7476ae2-e320-4703-8304-da5c42627e71,0,0,,,blood;brain;intestine;kidney;liver;lung
d77ec7d6-ef2e-49d6-9e79-05b7f8881484,0,0,,,blood;brain;intestine;kidney;liver;lung
d7cff847-6403-44a6-ad8a-2f5a783639dd,0,0,,,blood;brain;intestine;kidney;liver;lung
d7d7e89c-c93a-422d-8958-9b4a90b69558,16901,15,blood,common variable immunodeficiency;normal,blood;brain;intestine;kidney;liver;lung
d7dcfd8f-2ee7-4385-b9ac-e074c23ed190,27197,24,kidney,normal,blood;brain;intestine;kidney;liver;lung
d7f5d8d0-6150-48d7-b094-c34286ad11a1,1718915,61,brain,normal,blood;brain;intestine;kidney;liver;lung
d86edd6a-4b5d-437a-ad80-1fd976a5e23a,0,0,,,blood;brain;intestine;kidney;liver;lung
d8732da6-8d1d-42d9-b625-f2416c30054b,0,0,,,blood;brain;intestine;kidney;liver;lung
d87f3f91-dca4-494b-8993-c4e3008a8fa5,0,0,,,blood;brain;intestine;kidney;liver;lung
d8da613f-e681-4c69-b463-e94f5e66847f,0,0,,,blood;brain;intestine;kidney;liver;lung
d95ab381-2b7c-4885-b168-0097ed4e397f,0,0,,,blood;brain;intestine;kidney;liver;lung
d967b47c-a9e6-4337-b2f4-977f690cb67f,0,0,,,blood;brain;intestine;kidney;liver;lung
d973ea15-3722-4bc8-a0e8-1d956d26e203,0,0,,,blood;brain;intestine;kidney;liver;lung
d9b4bc69-ed90-4f5f-99b2-61b0681ba436,0,0,,,blood;brain;intestine;kidney;liver;lung
d9f3a82c-24bb-4277-b715-8ec92a33dd32,495763,9,blood,hematologic disorder;myelodysplastic syndrome;myelodysplastic/myeloproliferative disease;normal,blood;brain;intestine;kidney;liver;lung
da684768-fb01-455b-9f0f-b63a3e2f844f,0,0,,,blood;brain;intestine;kidney;liver;lung
dade16db-a38b-41f5-95c8-7ec0238d17fc,0,0,,,blood;brain;intestine;kidney;liver;lung
db0752b9-f20e-40b8-8997-992f3ae0bb2e,0,0,,,blood;brain;intestine;kidney;liver;lung
db1d2c1b-2ee1-45d5-9d53-69a327cd77e6,0,0,,,blood;brain;intestine;kidney;liver;lung
db59611b-42de-4035-93aa-1ed39f38b467,11574,9,blood,COVID-19,blood;brain;intestine;kidney;liver;lung
dbf0bd35-87f8-4b25-bc90-a3c54f379907,0,0,,,blood;brain;intestine;kidney;liver;lung
dc30c3ec-46d6-4cd8-8ec1-b544a3d0f503,17799,11,brain,multiple sclerosis;normal,blood;brain;intestine;kidney;liver;lung
dc6b1e06-3880-43f6-8de8-ef9cb5e7ef5e,0,0,,,blood;brain;intestine;kidney;liver;lung
dd018fc0-8da7-4033-a2ba-6b47de8ebb4f,0,0,,,blood;brain;intestine;kidney;liver;lung
dd03ce70-3243-4c96-9561-330cc461e4d7,0,0,,,blood;brain;intestine;kidney;liver;lung
ddb22b3d-a75c-4dd1-9730-dff7fc8ca530,29432,12,liver,normal,blood;brain;intestine;kidney;liver;lung
de104f7e-14fa-4795-bd19-b5ee2c1563e0,0,0,,,blood;brain;intestine;kidney;liver;lung
de17ac25-550a-4018-be75-bbb485a0636e,0,0,,,blood;brain;intestine;kidney;liver;lung
de2c780c-1747-40bd-9ccf-9588ec186cee,59572,14,blood,COVID-19;influenza;normal,blood;brain;intestine;kidney;liver;lung
de5416ef-bbfa-41f3-99d4-01a3554173f5,0,0,,,blood;brain;intestine;kidney;liver;lung
de916989-3523-4eed-a8e6-6999540f27d4,0,0,,,blood;brain;intestine;kidney;liver;lung
de94c504-4b58-4f42-b68d-74a8e4892f0e,0,0,,,blood;brain;intestine;kidney;liver;lung
de985818-285f-4f59-9dbd-d74968fddba3,0,0,,,blood;brain;intestine;kidney;liver;lung
dea1aa78-c0a2-413f-b375-f91cce49e4d0,0,0,,,blood;brain;intestine;kidney;liver;lung
dea717d4-7bc0-4e46-950f-fd7e1cc8df7d,225177,25,kidney,acute kidney failure;chronic kidney disease;normal,blood;brain;intestine;kidney;liver;lung
df1edb87-e512-43ae-b5f4-cb179cfc2bb4,0,0,,,blood;brain;intestine;kidney;liver;lung
df287f8d-f50d-4620-ab96-489d559e6adc,0,0,,,blood;brain;intestine;kidney;liver;lung
dfdf1ae2-d624-4004-9353-f18b902f6bca,0,0,,,blood;brain;intestine;kidney;liver;lung
e006d4e3-35fa-44b4-9981-09a66c4322e5,0,0,,,blood;brain;intestine;kidney;liver;lung
e04daea4-4412-45b5-989e-76a9be070a89,9409,39,blood;lung,normal,blood;brain;intestine;kidney;liver;lung
e0549fbf-cf9c-401a-b85f-6ba00d916e43,0,0,,,blood;brain;intestine;kidney;liver;lung
e067e5ca-e53e-485f-aa8e-efd5435229c8,0,0,,,blood;brain;intestine;kidney;liver;lung
e12eb8a9-5e8b-4b59-90c8-77d29a811c00,0,0,,,blood;brain;intestine;kidney;liver;lung
e1cc3162-6032-4e88-ad6b-57e8a65e0c55,0,0,,,blood;brain;intestine;kidney;liver;lung
e1f595f6-ba2c-495e-9bee-7056f116b1e4,0,0,,,blood;brain;intestine;kidney;liver;lung
e22482ee-19e8-40bc-9f6e-541dc3c82c20,0,0,,,blood;brain;intestine;kidney;liver;lung
e22c2ab4-c025-4804-b7a3-0b0ebd48c87a,0,0,,,blood;brain;intestine;kidney;liver;lung
e2808a6e-e2ea-41b9-b38c-4a08f1677f02,0,0,,,blood;brain;intestine;kidney;liver;lung
e2a325e2-5633-4950-ae46-ebff70979e3b,4683,1,brain,normal,blood;brain;intestine;kidney;liver;lung
e2a3c32d-71e2-4f38-b19c-dfcb8729cf46,0,0,,,blood;brain;intestine;kidney;liver;lung
e347396c-a7ff-4691-9f7a-99a43555ca18,1241,4,liver,normal,blood;brain;intestine;kidney;liver;lung
e34f3f89-3a48-4173-a06a-9e9803f2e2b9,57855,1,brain,normal,blood;brain;intestine;kidney;liver;lung
e3a7e927-2632-4575-993d-d0905cd5da8b,0,0,,,blood;brain;intestine;kidney;liver;lung
e3cc5b85-62ec-4add-bee3-73c8fd11e59d,0,0,,,blood;brain;intestine;kidney;liver;lung
e3da8320-0b3c-4bae-ad55-a89eb59ca870,0,0,,,blood;brain;intestine;kidney;liver;lung
e3ed2ba4-edf5-40ac-8750-8a417ad1eefe,75104,14,liver,colorectal carcinoma || metastatic malignant neoplasm;normal,blood;brain;intestine;kidney;liver;lung
e404d417-56e4-40a5-b3c6-69e9f92d8cbd,0,0,,,blood;brain;intestine;kidney;liver;lung
e40c6272-af77-4a10-9385-62a398884f27,6444,9,intestine,colon sessile serrated adenoma/polyp;colorectal neoplasm;hyperplastic polyp;normal;tubulovillous adenoma,blood;brain;intestine;kidney;liver;lung
e4710a02-8abc-48d5-a3e8-9ae7e9d79bdb,0,0,,,blood;brain;intestine;kidney;liver;lung
e47a4c13-22ba-4c77-99bc-13f7d60af799,0,0,,,blood;brain;intestine;kidney;liver;lung
e47c65a8-7d2f-48b8-908e-04ea6505fa26,0,0,,,blood;brain;intestine;kidney;liver;lung
e4ddac12-f48f-4455-8e8d-c2a48a683437,0,0,,,blood;brain;intestine;kidney;liver;lung
e500acbf-f166-4c46-b290-f93506cf26d3,0,0,,,blood;brain;intestine;kidney;liver;lung
e51bae9a-c747-4b64-904a-4da7cda218ab,0,0,,,blood;brain;intestine;kidney;liver;lung
e522d2cd-7927-4e59-a4ed-064009569279,263917,38,blood,cytomegalovirus infection;normal,blood;brain;intestine;kidney;liver;lung
e5233a94-9e43-418c-8209-6f1400c31530,0,0,,,blood;brain;intestine;kidney;liver;lung
e595c979-c2de-4dad-8c02-8334a8e56de6,0,0,,,blood;brain;intestine;kidney;liver;lung
e59a4394-80db-42e4-85e6-8f0e59b81f42,0,0,,,blood;brain;intestine;kidney;liver;lung
e5b1115b-a486-49bb-bda3-8261822836e0,0,0,,,blood;brain;intestine;kidney;liver;lung
e5c63d94-593c-4338-a489-e1048599e751,0,0,,,blood;brain;intestine;kidney;liver;lung
e5f5d954-cf0e-4bd8-9346-8d1ddf15a08b,0,0,,,blood;brain;intestine;kidney;liver;lung
e6361237-ac4e-4c5d-ad8f-f16aca0c0a8f,0,0,,,blood;brain;intestine;kidney;liver;lung
e6a11140-2545-46bc-929e-da243eed2cae,0,0,,,blood;brain;intestine;kidney;liver;lung
e6aaf5a4-16e9-4ea6-9733-4eafd4e473d3,0,0,,,blood;brain;intestine;kidney;liver;lung
e6b2ce27-681b-4409-a053-2681875936e5,0,0,,,blood;brain;intestine;kidney;liver;lung
e6dad530-418b-47f9-af6e-472e56a7b314,0,0,,,blood;brain;intestine;kidney;liver;lung
e73e4eb8-d5f3-47c3-b446-330f37d042da,0,0,,,blood;brain;intestine;kidney;liver;lung
e763ed0d-0e5a-4b8e-9514-6da3d9e47956,0,0,,,blood;brain;intestine;kidney;liver;lung
e7bd68ab-df49-44df-9b1e-8486114aeeb5,0,0,,,blood;brain;intestine;kidney;liver;lung
e7c5ba7e-4be0-4696-af50-a07d0dc7aac5,0,0,,,blood;brain;intestine;kidney;liver;lung
e84f2780-51e8-4cfa-8aa0-13bbfef677c7,152535,14,liver,normal,blood;brain;intestine;kidney;liver;lung
e8681d74-ac9e-4be5-be14-1cf1bbd54dd7,0,0,,,blood;brain;intestine;kidney;liver;lung
e871881f-b42d-4500-906d-0972a14ba47d,0,0,,,blood;brain;intestine;kidney;liver;lung
e8a11a27-9c47-4673-b65d-11b9cd6065e1,0,0,,,blood;brain;intestine;kidney;liver;lung
e8ac3386-31d4-48ba-aa70-1bae0cf020e7,0,0,,,blood;brain;intestine;kidney;liver;lung
e9175006-8978-4417-939f-819855eab80e,0,0,,,blood;brain;intestine;kidney;liver;lung
ea01c125-67a7-4bd3-a8b0-e1b53a011b7e,4636,4,kidney,Wilms tumor,blood;brain;intestine;kidney;liver;lung
ea15345a-4b48-46c0-b641-f338649ebf13,0,0,,,blood;brain;intestine;kidney;liver;lung
ea251de5-c764-4f7c-add0-8141b1061faf,0,0,,,blood;brain;intestine;kidney;liver;lung
ea426edb-4e86-4c53-ab17-5b952d94a31e,0,0,,,blood;brain;intestine;kidney;liver;lung
ea786a06-5855-48b7-80d7-0313a21a2044,4792,8,blood,COVID-19,blood;brain;intestine;kidney;liver;lung
ea7b95cf-1967-4431-9ee8-ec85ff793360,0,0,,,blood;brain;intestine;kidney;liver;lung
ea95cdd5-cf7e-4d5d-a0bd-032776d32ae5,16319,1,brain,normal,blood;brain;intestine;kidney;liver;lung
eb499fd8-7000-419f-8854-926b9b61b11f,122445,46,lung,normal,blood;brain;intestine;kidney;liver;lung
ebc2e1ff-c8f9-466a-acf4-9d291afaf8b3,836148,17,blood,COVID-19;influenza;normal,blood;brain;intestine;kidney;liver;lung
ec062e17-ed4b-41a5-b13a-4712b6de5543,0,0,,,blood;brain;intestine;kidney;liver;lung
ec423499-4564-4ab4-a7c2-316c72788ead,0,0,,,blood;brain;intestine;kidney;liver;lung
ec6ceff8-c8bc-488d-b6bf-30df2fa92169,0,0,,,blood;brain;intestine;kidney;liver;lung
ec6ef004-5f30-4a40-b282-980cca20a561,0,0,,,blood;brain;intestine;kidney;liver;lung
ecce9688-66ea-4600-98f7-84aed7421c01,0,0,,,blood;brain;intestine;kidney;liver;lung
ecd9230d-c571-4dab-abd3-8b54c74833f0,0,0,,,blood;brain;intestine;kidney;liver;lung
ecf2e08e-2032-4a9e-b466-b65b395f4a02,0,0,,,blood;brain;intestine;kidney;liver;lung
ed11cc3e-2947-407c-883c-c53b043917c3,0,0,,,blood;brain;intestine;kidney;liver;lung
ed2b673b-0279-454a-998c-3eec361edf54,0,0,,,blood;brain;intestine;kidney;liver;lung
ed33c203-233a-476a-a56b-28da945fdd32,0,0,,,blood;brain;intestine;kidney;liver;lung
ed419b4e-db9b-40f1-8593-68fdf8dfb076,0,0,,,blood;brain;intestine;kidney;liver;lung
ed5d841d-6346-47d4-ab2f-7119ad7e3a35,161764,30,blood,normal,blood;brain;intestine;kidney;liver;lung
ed78c6b7-cb40-4ebc-b55f-40bc99ba1b5d,0,0,,,blood;brain;intestine;kidney;liver;lung
ed852810-a003-4386-9846-1638362cee39,0,0,,,blood;brain;intestine;kidney;liver;lung
ed880090-465d-4477-9d98-70838ca288e3,0,0,,,blood;brain;intestine;kidney;liver;lung
ed9e9f96-4f08-49d2-bef5-b2c29adf3edc,5696,8,blood,COVID-19,blood;brain;intestine;kidney;liver;lung
edbfa04a-f1dd-496a-8237-df11d70621ca,0,0,,,blood;brain;intestine;kidney;liver;lung
edc8d3fe-153c-4e3d-8be0-2108d30f8d70,0,0,,,blood;brain;intestine;kidney;liver;lung
ee1058a5-40ef-4f3f-8020-5476d7787e1e,0,0,,,blood;brain;intestine;kidney;liver;lung
ee195b7d-184d-4dfa-9b1c-51a7e601ac11,0,0,,,blood;brain;intestine;kidney;liver;lung
eeacb0c1-2217-4cf6-b8ce-1f0fedf1b569,9337,8,blood,COVID-19,blood;brain;intestine;kidney;liver;lung
eec3e37d-ed41-4881-bc6e-aaf39a2c6eb0,0,0,,,blood;brain;intestine;kidney;liver;lung
eec804b9-2ae5-44f0-a1b5-d721e21257de,0,0,,,blood;brain;intestine;kidney;liver;lung
ef0d813e-b9b4-4d30-8e54-b3939942c447,0,0,,,blood;brain;intestine;kidney;liver;lung
ef1a4b05-540c-4f73-8ceb-49dfa800645d,5594,3,lung,normal,blood;brain;intestine;kidney;liver;lung
ef7bb7f0-234d-459f-b613-b37cc7a4c70f,0,0,,,blood;brain;intestine;kidney;liver;lung
f01bdd17-4902-40f5-86e3-240d66dd2587,0,0,,,blood;brain;intestine;kidney;liver;lung
f0f0d7c4-3bec-428e-9539-c99d36548d96,0,0,,,blood;brain;intestine;kidney;liver;lung
f13b63f5-779f-478a-90a7-5ee65d9d6828,0,0,,,blood;brain;intestine;kidney;liver;lung
f14bc322-1322-4184-8d16-409557525ea5,440854,33,lung,anthracosis;hypersensitivity pneumonitis;interstitial lung disease;lymphoid interstitial pneumonia;non-specific interstitial pneumonia;normal;pulmonary sarcoidosis,blood;brain;intestine;kidney;liver;lung
f156606a-dd9a-49fd-bc40-0e069b6cf07c,0,0,,,blood;brain;intestine;kidney;liver;lung
f15af735-2677-444e-8963-6a88cd9510e3,0,0,,,blood;brain;intestine;kidney;liver;lung
f15e263b-6544-46cb-a46e-e33ab7ce8347,0,0,,,blood;brain;intestine;kidney;liver;lung
f1606894-59df-4794-a37f-baa7c6fb6de1,0,0,,,blood;brain;intestine;kidney;liver;lung
f16f4108-7873-4035-9989-3748da1a7ff1,0,0,,,blood;brain;intestine;kidney;liver;lung
f171db61-e57e-4535-a06a-35d8b6ef8f2b,0,0,,,blood;brain;intestine;kidney;liver;lung
f1f123cc-ca2c-460f-b7f1-88240efb1e82,0,0,,,blood;brain;intestine;kidney;liver;lung
f20f44ef-a0d4-4d94-87de-037fd47141f0,0,0,,,blood;brain;intestine;kidney;liver;lung
f28376c8-2ca0-419f-8e22-543f71457eb3,0,0,,,blood;brain;intestine;kidney;liver;lung
f32c2c13-bb1a-4ffd-a457-60b64ecfa4cb,0,0,,,blood;brain;intestine;kidney;liver;lung
f3565fda-499a-4d20-bd92-563c09954c42,0,0,,,blood;brain;intestine;kidney;liver;lung
f3c49918-4707-4d92-bb6d-2b5b4eb9d1b4,0,0,,,blood;brain;intestine;kidney;liver;lung
f3ee7613-b27f-4deb-a5aa-1d4f9a2db963,0,0,,,blood;brain;intestine;kidney;liver;lung
f43f70fc-0aa9-493e-8e5a-5649f090d433,0,0,,,blood;brain;intestine;kidney;liver;lung
f502c312-05dc-4fd4-a762-92a63e92b539,0,0,,,blood;brain;intestine;kidney;liver;lung
f512b8b6-369d-4a85-a695-116e0806857f,0,0,,,blood;brain;intestine;kidney;liver;lung
f54647ec-0c03-4775-8dac-5a477c10a3f5,0,0,,,blood;brain;intestine;kidney;liver;lung
f5a04dff-d394-4023-8811-65494e8bb11d,0,0,,,blood;brain;intestine;kidney;liver;lung
f5af510b-86d5-4f98-946f-b2d6d3e28de9,0,0,,,blood;brain;intestine;kidney;liver;lung
f5b0810c-1664-4a62-ad06-be1d9964aa8b,0,0,,,blood;brain;intestine;kidney;liver;lung
f5be4b96-f5a3-4c3d-84ac-6f69daf744d5,0,0,,,blood;brain;intestine;kidney;liver;lung
f5be9ed2-5d41-4a52-91e4-4ff24ff84900,0,0,,,blood;brain;intestine;kidney;liver;lung
f628a4aa-d935-46cb-872d-454a7d133acf,0,0,,,blood;brain;intestine;kidney;liver;lung
f641d68a-e877-4bb8-afd7-b8fa3921d461,0,0,,,blood;brain;intestine;kidney;liver;lung
f64e1be1-de15-4d27-8da4-82225cd4c035,0,0,,,blood;brain;intestine;kidney;liver;lung
f67f2cfa-ba45-4f77-8e26-64a15f666043,0,0,,,blood;brain;intestine;kidney;liver;lung
f6cc8a47-2dea-40aa-8608-d771c5ef8a07,7750,10,blood,normal,blood;brain;intestine;kidney;liver;lung
f6d9f2ad-5ec7-4d53-b7f0-ceb0e7bcd181,0,0,,,blood;brain;intestine;kidney;liver;lung
f6dafdd1-d746-407e-8019-4470e02d4cbd,0,0,,,blood;brain;intestine;kidney;liver;lung
f72958f5-7f42-4ebb-98da-445b0c6de516,0,0,,,blood;brain;intestine;kidney;liver;lung
f75f2ff4-2884-4c2d-b375-70de37a34507,0,0,,,blood;brain;intestine;kidney;liver;lung
f7995301-7551-4e1d-8396-ffe3c9497ace,0,0,,,blood;brain;intestine;kidney;liver;lung
f7a068f1-0fdb-48e8-8029-db870ff11d9e,0,0,,,blood;brain;intestine;kidney;liver;lung
f7c1c579-2dc0-47e2-ba19-8165c5a0e353,207036,12,intestine;kidney,normal,blood;brain;intestine;kidney;liver;lung
f7ca7eb9-0919-4eba-99a1-21ba382b4174,11103,8,intestine,normal,blood;brain;intestine;kidney;liver;lung
f7d003d4-40d5-4de8-858c-a9a8b48fcc67,0,0,,,blood;brain;intestine;kidney;liver;lung
f801b7a9-80a6-4d09-9161-71474deb58ae,6044,21,kidney,normal,blood;brain;intestine;kidney;liver;lung
f854421b-d231-4231-9b23-fc3be7fbee45,0,0,,,blood;brain;intestine;kidney;liver;lung
f89af62b-4059-4fb9-8bc0-e8e189c4c340,0,0,,,blood;brain;intestine;kidney;liver;lung
f8c77961-67a7-4161-b8c2-61c3f917b54f,0,0,,,blood;brain;intestine;kidney;liver;lung
f8d8b443-bca6-4c3c-9042-669dfb7f8030,0,0,,,blood;brain;intestine;kidney;liver;lung
f8dda921-5fb4-4c94-a654-c6fc346bfd6d,0,0,,,blood;brain;intestine;kidney;liver;lung
f9034091-2e8f-4ac6-9874-e7b7eb566824,0,0,,,blood;brain;intestine;kidney;liver;lung
f95d8919-1f2a-405f-8776-bfecc0ab0f3f,0,0,,,blood;brain;intestine;kidney;liver;lung
f9685456-c8a8-43ad-a326-476273ef36a0,0,0,,,blood;brain;intestine;kidney;liver;lung
f9846bb4-784d-4582-92c1-3f279e4c6f0c,0,0,,,blood;brain;intestine;kidney;liver;lung
f9ad5649-f372-43e1-a3a8-423383e5a8a2,0,0,,,blood;brain;intestine;kidney;liver;lung
f9cfac8d-bff6-47a2-a1f6-503827d375f5,637,1,brain,normal,blood;brain;intestine;kidney;liver;lung
fa27492b-82ff-4ab7-ac61-0e2b184eee67,0,0,,,blood;brain;intestine;kidney;liver;lung
fa554686-fc07-44dd-b2de-b726d82d26ec,0,0,,,blood;brain;intestine;kidney;liver;lung
fa8605cf-f27e-44af-ac2a-476bee4410d3,59506,10,blood,COVID-19;normal,blood;brain;intestine;kidney;liver;lung
faed4f71-6b50-4fc7-bd1c-8f385dccfdce,0,0,,,blood;brain;intestine;kidney;liver;lung
fbd69faa-b0c5-45ba-89c9-da938a7f5a14,0,0,,,blood;brain;intestine;kidney;liver;lung
fbdd8c17-b34a-4cbc-abc4-1aeaa294a538,0,0,,,blood;brain;intestine;kidney;liver;lung
fbf173f9-f809-4d84-9b65-ae205d35b523,0,0,,,blood;brain;intestine;kidney;liver;lung
fc0ceb80-d2d9-47c1-9d78-b0e45c64c500,0,0,,,blood;brain;intestine;kidney;liver;lung
fcadb222-82e2-43eb-a3ab-6af0a22051fe,0,0,,,blood;brain;intestine;kidney;liver;lung
fd072bc3-2dfb-46f8-b4e3-467cb3223182,230001,63,kidney;liver,normal,blood;brain;intestine;kidney;liver;lung
fd89be61-2869-4342-a86e-e1fce3a8f269,0,0,,,blood;brain;intestine;kidney;liver;lung
fe1a73ab-a203-45fd-84e9-0f7fd19efcbd,0,0,,,blood;brain;intestine;kidney;liver;lung
fe2eecbc-977a-4aec-9196-f89c3281d11c,0,0,,,blood;brain;intestine;kidney;liver;lung
fe4b89d5-461e-440c-a5a8-621b37b122c0,0,0,,,blood;brain;intestine;kidney;liver;lung
fe52003e-1460-4a65-a213-2bb1a508332f,0,0,,,blood;brain;intestine;kidney;liver;lung
fe7aae33-6f7c-41a5-8d29-9996a9ddf1ab,0,0,,,blood;brain;intestine;kidney;liver;lung
ff45e623-7f5f-46e3-b47d-56be0341f66b,0,0,,,blood;brain;intestine;kidney;liver;lung
ff4cfa86-9c0c-4b7c-abd6-90547657d04f,0,0,,,blood;brain;intestine;kidney;liver;lung
ff7d15fa-f4b6-4a0e-992e-fd0c9d088ded,0,0,,,blood;brain;intestine;kidney;liver;lung
ff995299-bf56-4d11-914d-b77949f02fb1,0,0,,,blood;brain;intestine;kidney;liver;lung
